0.17698,0.023898,0.08722,0.15459,19.52,3.7368,1.0516,5.9421,8.9047,4.9542,199.25,1
0.17003,0.02132,0.088055,0.14601,10.857,2.7954,0.7525,4.4258,7.8637,4.9872,213.39,1
0.19057,0.026734,0.09895,0.16351,11.639,2.8651,0.86998,4.5651,7.8234,5.0862,239.33,1
0.24863,0.049129,0.11432,0.22165,17.951,3.7305,1.3015,5.2347,7.5646,4.9733,269.38,1
0.20445,0.032072,0.099891,0.17909,18.518,3.6167,1.2214,5.974,6.679,5.0281,233.44,1
0.18169,0.025739,0.086444,0.16043,20.043,3.8253,1.0462,5.758,15.78,4.8997,206.69,1
0.19882,0.029783,0.099881,0.17258,19.83,3.7096,1.1448,5.7582,8.4615,4.9833,231.59,1
0.17431,0.023061,0.086611,0.15186,17.287,3.6328,0.89572,5.1387,9.0257,5.0362,209.34,1
0.15678,0.017392,0.085576,0.13188,11.342,2.769,0.71634,4.5691,14.673,5.0138,210.18,1
0.16835,0.020701,0.088323,0.14388,14.159,3.078,0.89938,5.3423,20.232,5.003,208.8,1
0.21202,0.033192,0.10962,0.18219,11.199,2.7735,1.014,4.7828,-0.7554,5.0175,245.37,1
0.19175,0.029137,0.08863,0.1707,26.895,4.5546,1.2255,6.3911,8.222,5.0188,208.32,1
0.23681,0.043547,0.11344,0.20868,18.593,3.6185,1.4444,6.0996,19.653,5.1138,266.12,1
0.20396,0.031955,0.099461,0.17876,13.451,3.1329,1.0179,4.9908,17.42,4.983,228.18,1
0.16503,0.019031,0.091393,0.13795,7.7285,2.2815,0.61423,3.7218,9.8945,5.0357,221.51,1
0.21544,0.035442,0.10604,0.18826,13.108,3.0813,1.0695,4.9642,9.553,5.0563,262.01,1
0.17658,0.024236,0.08446,0.15568,27.18,4.5185,1.0944,6.1976,6.7924,5.0007,207.73,1
0.22446,0.039877,0.10398,0.19969,13.634,3.2508,1.08,4.8118,5.5506,4.8645,234.33,1
0.20231,0.030958,0.10105,0.17595,13.099,3.0951,1.0061,4.973,8.1729,4.9947,238.88,1
0.17377,0.023335,0.08391,0.15276,18.681,3.6561,0.99559,5.7294,8.7094,4.7511,193.45,1
0.18476,0.025921,0.091747,0.161,19.901,3.7301,1.1073,5.9929,15.128,5.1085,228.54,1
0.23444,0.042928,0.11121,0.20719,21.4,3.9364,1.4172,6.0449,13.307,5.1015,277.37,1
0.20889,0.033705,0.10095,0.18359,11.442,2.9658,0.96131,4.6021,10.311,4.9824,242.69,1
0.1821,0.026271,0.084214,0.16208,28.073,4.5526,1.247,6.8478,6.3147,4.9179,208.95,1
0.20062,0.032728,0.088178,0.18091,19.589,3.9537,1.1223,5.5943,0.40445,4.8208,204.23,1
0.22972,0.045325,0.088304,0.2129,36.309,5.4761,1.6555,7.2066,12.161,4.8046,209.94,1
0.17348,0.023787,0.080573,0.15423,29.717,4.6794,1.2161,7.0102,9.5541,4.9208,209.8,1
0.19428,0.02973,0.090807,0.17242,23.231,4.0729,1.1842,6.0954,15.635,4.8527,219.95,1
0.1698,0.020334,0.093041,0.1426,9.6794,2.539,0.75652,4.4553,13.764,5.0134,211.76,1
0.20186,0.033053,0.08917,0.1818,31.6,4.9282,1.4257,7.0628,13.922,4.8845,227.75,1
0.21436,0.037271,0.094708,0.19306,21.145,4.0217,1.3052,6.0888,8.7283,4.9509,234.78,1
0.22722,0.040997,0.10464,0.20248,17.184,3.5649,1.3114,5.7715,13.415,5.0321,247.25,1
0.18768,0.02755,0.088807,0.16598,23.126,4.1064,1.1807,6.2911,10.488,4.8659,208.48,1
0.17099,0.022589,0.082603,0.1503,25.033,4.2756,1.0778,6.3033,10.822,4.858,203.64,1
0.15893,0.018291,0.084317,0.13524,16.648,3.3727,0.87421,5.5007,6.1756,4.9093,214.99,1
0.20244,0.032116,0.095479,0.17921,17.975,3.5523,1.2306,6.0787,14.951,4.8136,238.68,1
0.18972,0.027131,0.09526,0.16471,16.443,3.3863,1.0455,5.5107,9.8261,5.0167,225.64,1
0.14023,0.01331,0.080364,0.11537,10.959,2.5992,0.65937,4.702,3.6314,5.0492,191.99,1
0.22357,0.038896,0.10672,0.19722,19.28,3.6874,1.3007,5.8178,4.0237,4.9492,243.81,1
0.19158,0.028186,0.093469,0.16789,13.016,3.109,0.97559,5.0923,13.583,4.8582,237.07,1
0.1843,0.026852,0.085563,0.16387,29.237,4.5878,1.286,6.9781,9.2277,4.879,209.96,1
0.20645,0.034225,0.093075,0.185,23.163,4.221,1.2826,6.2124,9.3857,4.8819,225,1
0.26787,0.05903,0.11481,0.24296,33.583,4.9939,1.9779,7.3839,13.243,4.965,281.6,1
0.24621,0.049884,0.10546,0.22335,24.326,4.2338,1.6627,6.7533,6.4558,4.9297,254.25,1
0.16529,0.020064,0.086088,0.14165,17.291,3.4077,0.94328,5.7069,7.9739,4.9855,201.19,1
0.18343,0.026139,0.087815,0.16167,21.426,3.8727,1.0865,5.9233,18.504,4.8134,203.02,1
0.20363,0.033088,0.092924,0.1819,28.544,4.6081,1.3898,6.8252,16.009,4.997,216.79,1
0.25462,0.05224,0.11401,0.22856,18.591,3.792,1.4151,5.5578,14.85,4.9488,282.06,1
0.1901,0.027297,0.09515,0.16522,13.333,3.1228,0.98775,5.1959,15.409,5.08,227.28,1
0.17548,0.022441,0.092332,0.1498,11.807,2.8173,0.8795,5.012,11.952,5.0007,221.07,1
0.19647,0.029739,0.095346,0.17245,25.217,4.2316,1.2915,6.5736,17.036,5.1251,220.96,1
0.20795,0.034381,0.095534,0.18542,16.142,3.4546,1.1667,5.6106,11.176,4.8333,221.19,1
0.22008,0.038292,0.10218,0.19568,17.093,3.53,1.221,5.548,13.594,4.913,240.89,1
0.18866,0.026693,0.095423,0.16338,13.876,3.1913,0.86775,4.5996,5.6615,5.0767,232.81,1
0.16181,0.018874,0.086333,0.13738,14.443,3.045,0.84255,5.2072,8.129,5.04,212.65,1
0.18868,0.026392,0.097025,0.16246,14.908,3.1157,1.0199,5.4056,16.606,4.9688,233.94,1
0.25074,0.051658,0.10775,0.22728,25.149,4.3839,1.6885,6.734,12.924,4.9461,268.82,1
0.3396,0.1003,0.12571,0.3167,38.481,5.6229,2.5752,7.583,15.705,4.9063,287.14,1
0.21579,0.038685,0.090454,0.19668,37.455,5.4689,1.5924,7.3795,11.314,4.954,223.41,1
0.23572,0.046247,0.098367,0.21505,26.658,4.5518,1.5666,6.6461,12.777,4.9197,225.67,1
0.17669,0.022535,0.094124,0.15012,17.56,3.3879,1.0189,5.7666,9.1478,5.1205,222.61,1
0.18032,0.023363,0.096603,0.15285,8.2457,2.3846,0.68458,3.7966,10.717,4.9631,242.93,1
0.16367,0.020879,0.077923,0.1445,24.274,4.1442,1.0797,6.5965,16.968,4.878,187.98,1
0.1909,0.027359,0.096421,0.1654,18.485,3.5425,1.0691,5.6,17.388,5.0228,219.43,1
0.16707,0.02051,0.086964,0.14321,17.309,3.3495,0.91845,5.4972,9.064,4.8877,199.35,1
0.23269,0.041483,0.11393,0.20367,13.296,3.0771,1.2315,5.2927,6.6732,5.0831,263.19,1
0.1605,0.018691,0.084931,0.13671,10.489,2.7119,0.70598,4.3987,17.571,4.9113,206.86,1
0.17438,0.022099,0.09208,0.14866,10.541,2.7235,0.7744,4.441,14.283,4.9168,211.66,1
0.18403,0.026208,0.088668,0.16189,14.279,3.2277,0.98718,5.3643,10.721,4.917,214.09,1
0.17344,0.022552,0.08778,0.15017,14.583,3.2728,0.8734,5.0356,7.9898,5.0561,203.23,1
0.13982,0.013525,0.078289,0.1163,9.182,2.4371,0.62157,4.4456,13.783,4.9882,188.9,1
0.14593,0.014979,0.080211,0.12239,12.215,2.7629,0.70515,4.8319,8.8256,4.9446,186.97,1
0.15542,0.017827,0.080412,0.13352,14.854,3.2259,0.81637,5.2527,6.1979,4.913,200.4,1
0.26697,0.057411,0.11962,0.23961,17.655,3.6442,1.4748,5.5241,23.994,4.9963,277.55,1
0.22121,0.039373,0.099333,0.19843,20.903,3.9811,1.3394,6.0548,5.3447,4.9688,237.72,1
0.18262,0.02567,0.088757,0.16022,18.965,3.6854,1.0993,6.0196,-0.4176,4.9091,200.42,1
0.16024,0.019305,0.080749,0.13894,15.842,3.3858,0.84915,5.2994,11.102,4.9703,194.42,1
0.20058,0.032618,0.088692,0.1806,32.196,4.9889,1.4136,7.0479,10.876,4.9136,210.94,1
0.17162,0.021343,0.090975,0.14609,15.178,3.1441,0.91081,5.3071,12.634,5.0729,227.45,1
0.2061,0.033231,0.097495,0.18229,20.028,3.8337,1.2361,5.9975,12.479,4.8904,229.37,1
0.21595,0.036708,0.10105,0.19159,17.523,3.5824,1.2637,5.8519,8.1465,4.941,232.7,1
0.21151,0.035298,0.098545,0.18788,16.605,3.5082,1.1515,5.4443,4.8915,4.9677,219.85,1
0.21641,0.035808,0.10631,0.18923,14.867,3.3085,1.1218,5.1835,6.6995,4.956,247.83,1
0.17123,0.021461,0.089576,0.14649,22.233,3.7817,1.1035,6.4447,8.0185,5.0254,213.9,1
0.16067,0.018662,0.085418,0.13661,14.439,3.1077,0.83663,5.2072,9.8124,5.0422,208.88,1
0.17281,0.022291,0.088,0.1493,13.129,3.0692,0.87633,5.0712,10.253,4.9079,204.85,1
0.15958,0.017792,0.088376,0.13339,9.035,2.462,0.69396,4.3488,18.048,4.9724,218.41,1
0.17602,0.02309,0.089836,0.15195,13.923,3.1173,0.86094,4.8913,10.082,4.8349,220.19,1
0.18985,0.027598,0.093048,0.16613,14.171,3.2329,0.93707,4.9359,-2.7682,4.9034,217.87,1
0.16196,0.019003,0.085873,0.13785,13.37,2.9811,0.85434,5.2752,7.6391,4.8871,199.98,1
0.17814,0.025278,0.08157,0.15899,18.596,3.7814,0.96402,5.4114,13.651,4.7101,193.45,1
0.17466,0.021622,0.095136,0.14704,7.1419,2.2327,0.63629,3.6431,7.2668,5.0171,227.35,1
0.18148,0.024399,0.093405,0.1562,14.346,3.1065,0.98862,5.4476,22.332,5.0655,215.27,1
0.17578,0.022198,0.094197,0.14899,9.3776,2.516,0.76022,4.3248,12.041,5.0096,224.83,1
0.17559,0.021878,0.095506,0.14791,8.7318,2.4317,0.74261,4.2294,17.184,4.9277,233.25,1
0.17278,0.021748,0.090959,0.14747,9.6773,2.5851,0.79107,4.5785,13.261,4.9852,215.27,1
0.20702,0.032943,0.10085,0.1815,13.372,3.1497,1.0606,5.123,19.877,4.9505,229.13,1
0.17352,0.022096,0.090478,0.14865,13.506,3.0305,0.90533,5.2173,9.2255,4.8216,210.81,1
0.18522,0.025747,0.093584,0.16046,9.6831,2.6781,0.75307,4.0659,7.9437,4.9175,217.77,1
0.20953,0.033687,0.10236,0.18354,10.32,2.7862,0.92749,4.4265,11.391,4.9381,238.01,1
0.1835,0.024028,0.099138,0.15501,9.912,2.5413,0.84474,4.6036,10.168,5.0956,227.45,1
0.18015,0.024565,0.089895,0.15673,19.987,3.7369,1.0496,5.8261,6.5565,5.0161,218.73,1
0.14951,0.015922,0.080967,0.12618,10.427,2.6736,0.67141,4.4907,9.8764,5.0307,192.99,1
0.22227,0.038725,0.10479,0.19679,13.02,3.1438,1.1256,5.0643,7.3257,5.053,237.34,1
0.14004,0.013655,0.077859,0.11686,9.633,2.4693,0.60883,4.3476,7.7539,4.8953,181.47,1
0.20162,0.031379,0.097544,0.17714,20.458,3.8435,1.2002,5.9529,5.7028,5.0528,236.94,1
0.23048,0.042307,0.10556,0.20569,17.871,3.6656,1.2983,5.6331,26.608,4.9098,253.67,1
0.16802,0.020861,0.086787,0.14443,12.494,3.0305,0.80584,4.7961,7.291,4.9564,206.11,1
0.17894,0.023506,0.093251,0.15332,11.606,2.8273,0.8752,4.891,12.746,5.0337,213.3,1
0.28688,0.072268,0.10292,0.26883,40.59,5.8309,2.2232,7.7497,7.3574,4.8823,241.1,1
0.19598,0.029791,0.094072,0.1726,21.28,3.8525,1.2508,6.382,6.9806,4.8892,221.68,1
0.17412,0.022286,0.090575,0.14928,9.049,2.5419,0.74693,4.2898,9.1335,4.9257,210.85,1
0.21938,0.037342,0.10524,0.19324,13.277,3.1674,1.0477,4.7756,6.7559,5.0533,252.81,1
0.17485,0.023356,0.086002,0.15283,13.087,3.069,0.84752,4.8472,8.6072,4.8111,211.06,1
0.15645,0.017012,0.087159,0.13043,8.1817,2.3397,0.60326,3.8559,16.723,5.0968,208.99,1
0.19866,0.031585,0.090138,0.17772,26.195,4.4927,1.2046,6.0636,8.034,4.9206,215.82,1
0.22018,0.039047,0.098662,0.1976,26.783,4.5436,1.4471,6.5725,11.546,5.0224,251.93,1
0.22436,0.040252,0.10197,0.20063,18.172,3.6512,1.3254,5.9073,14.007,4.9384,235.37,1
0.18842,0.026131,0.097855,0.16165,11.838,2.8364,0.8921,4.7345,7.4329,4.926,229.07,1
0.1805,0.022964,0.098962,0.15154,10.418,2.6179,0.82289,4.559,6.6135,5.0831,242.68,1
0.18792,0.02679,0.093437,0.16368,14.4,3.156,0.97921,5.2108,8.2753,4.8175,229.94,1
0.19093,0.027359,0.096478,0.16541,13.436,3.1029,0.96848,5.0724,11.32,5.002,231.92,1
0.20385,0.032836,0.094739,0.18121,19.534,3.8681,1.1374,5.5794,7.4207,4.8821,232.88,1
0.21566,0.036524,0.10134,0.19111,23.286,4.0411,1.4073,6.5255,18.904,4.9857,241.44,1
0.21181,0.034268,0.10422,0.18512,13.966,3.21,1.0799,5.0985,28.185,5.0832,239.11,1
0.20777,0.032887,0.10265,0.18135,11.894,2.9385,1.0275,4.9456,8.4674,4.8734,248.87,1
0.15104,0.01616,0.082326,0.12712,9.8142,2.5258,0.69831,4.6234,8.9394,4.8618,194.88,1
0.18428,0.02448,0.098339,0.15646,9.7718,2.5964,0.83095,4.5091,12.155,4.9577,228.38,1
0.18973,0.02708,0.095548,0.16456,14.805,3.2514,1.0186,5.3687,8.1167,4.9462,227.57,1
0.17325,0.02287,0.085569,0.15123,23.202,3.9887,1.1201,6.4655,11.716,4.856,205.84,1
0.19041,0.028382,0.089975,0.16847,21.076,3.8838,1.1489,6.0339,11.981,4.9921,218.23,1
0.23947,0.046921,0.10387,0.21661,16.356,3.5895,1.2839,5.3614,7.2382,4.8317,257.15,1
0.16092,0.017969,0.089801,0.13405,11.421,2.6916,0.78165,4.8575,6.6579,5.0708,208.69,1
0.19836,0.030885,0.093279,0.17574,22.949,4.0981,1.2682,6.3932,8.7119,4.9357,219.46,1
0.19456,0.02806,0.10005,0.16751,12.273,2.9091,0.96665,4.9684,12.124,5.0273,227.3,1
0.17371,0.021831,0.092273,0.14775,12.296,2.8542,0.82102,4.7263,16.561,4.9974,210.88,1
0.16597,0.019741,0.089213,0.1405,11.831,2.7768,0.81953,4.9377,7.1386,4.9583,210.44,1
0.22722,0.041193,0.10371,0.20296,14.917,3.3757,1.2397,5.4559,1.9278,4.999,245.4,1
0.19455,0.028268,0.099003,0.16813,17.161,3.4003,1.133,5.8235,7.7984,4.9482,224.96,1
0.14289,0.014036,0.080554,0.11848,16.846,3.2086,0.79698,5.5777,13.056,5.0244,194.32,1
0.16475,0.018927,0.091442,0.13758,8.0821,2.3448,0.64701,3.9273,9.1419,5.0993,226.7,1
0.25462,0.05478,0.10235,0.23405,23.928,4.2757,1.6944,6.6546,11.255,4.8544,237.77,1
0.26095,0.058288,0.10128,0.24143,39.184,5.6401,2.0151,7.7223,13.148,4.824,232.27,1
0.35354,0.10957,0.12758,0.33101,40.413,5.6966,2.7989,7.9168,8.404,4.8799,291.9,1
0.3634,0.11645,0.12848,0.34125,34.152,5.3241,2.6659,7.3361,13.649,5.0087,314.56,1
0.21378,0.036086,0.099464,0.18996,25.021,4.2065,1.4497,6.7815,23.845,4.9913,233.43,1
0.14638,0.015403,0.078385,0.12411,17.867,3.4119,0.85867,5.8659,5.7992,4.9744,195.28,1
0.1561,0.017789,0.081945,0.13337,13.625,3.0345,0.77998,4.9968,13.939,4.8124,190.98,1
0.1694,0.021547,0.085532,0.14679,18.529,3.5526,0.93006,5.4904,21.921,4.9846,191.97,1
0.19,0.027003,0.096463,0.16433,17.747,3.4439,1.1127,5.8561,11.753,5.0065,222.56,1
0.22627,0.04162,0.099496,0.20401,28.562,4.6528,1.5259,6.7438,19.582,4.9943,226.67,1
0.20445,0.033186,0.09418,0.18217,24.874,4.3256,1.3199,6.4561,11.577,4.9961,221.03,1
0.2351,0.045094,0.10261,0.21235,29.177,4.7453,1.5556,6.6167,10.393,5.0209,228.1,1
0.24181,0.047394,0.10698,0.2177,20.914,4.0219,1.3823,5.7164,2.5315,4.9255,248.2,1
0.19443,0.028676,0.096693,0.16934,13.589,3.1524,0.97049,4.9914,5.7109,4.9756,234.18,1
0.2246,0.039007,0.10835,0.1975,14.155,3.2401,1.1435,5.0913,11.881,5.1345,244.03,1
0.18001,0.024375,0.090649,0.15613,14.647,3.1713,0.97011,5.3892,7.418,5.0092,211.47,1
0.24361,0.047187,0.11191,0.21723,19.657,3.8263,1.4646,6.0122,6.3351,5.0134,255.68,1
0.24152,0.048556,0.10076,0.22036,26.054,4.4588,1.6298,6.7482,10.456,4.7757,236.81,1
0.14334,0.01396,0.081819,0.11815,12.012,2.7134,0.71725,5.0038,10.393,5.0506,209.22,1
0.16388,0.019651,0.085781,0.14018,17.607,3.4436,0.92789,5.6619,10.569,4.9103,198.99,1
0.22519,0.039694,0.10642,0.19923,13.08,3.1482,1.0506,4.6656,-0.57604,4.9605,249.82,1
0.26177,0.057571,0.10677,0.23994,26.793,4.5417,1.8139,6.9291,-3.483,4.9037,250.36,1
0.20602,0.032428,0.10133,0.18008,12.46,3.0118,0.97014,4.7089,10.027,5.01,236.86,1
0.19802,0.030384,0.095197,0.17431,27.756,4.4513,1.355,6.8431,9.7233,5.0422,237.97,1
0.20474,0.03211,0.1003,0.17919,12.358,3.0077,1.0175,4.9696,11.096,4.9768,227.88,1
0.17928,0.024302,0.0896,0.15589,9.7168,2.704,0.75462,4.2091,19.31,4.8914,205.72,1
0.20739,0.033891,0.09686,0.1841,18.645,3.6938,1.241,5.9841,10.758,5.0512,227.17,1
0.22537,0.039454,0.10791,0.19863,11.832,2.9743,1.0624,4.7139,-3.3865,4.9536,255.68,1
0.24459,0.047491,0.11271,0.21792,23.476,4.1446,1.4844,6.0687,5.6782,5.1166,256.74,1
0.16813,0.019971,0.091929,0.14132,9.3728,2.4743,0.72977,4.3405,10.646,5.1457,216.41,1
0.14552,0.01535,0.077105,0.1239,14.711,3.1792,0.73661,5.0619,5.7919,4.8502,184.52,1
0.16733,0.020724,0.086234,0.14396,18.211,3.4614,0.92051,5.5012,14.346,4.9356,199.95,1
0.16409,0.018835,0.090758,0.13724,9.9043,2.5686,0.74018,4.5108,9.358,4.998,214.05,1
0.2081,0.032945,0.10303,0.18151,14.985,3.2818,1.1094,5.3314,13.036,5.1487,247.27,1
0.21587,0.036945,0.099697,0.19221,21.086,3.8621,1.3762,6.3754,9.2802,4.9821,235.96,1
0.24529,0.050967,0.09795,0.22576,40.004,5.6199,1.9193,7.8248,10.922,5.0288,228.01,1
0.22005,0.039124,0.097998,0.1978,31.059,4.8433,1.5514,7.0501,11.065,5.0099,224.26,1
0.25162,0.051588,0.11012,0.22713,15.607,3.4305,1.4244,5.6609,23.441,4.8656,252.35,1
0.19855,0.029719,0.099676,0.17239,13.781,3.1445,1.0128,5.101,9.8296,5.0046,236.15,1
0.21525,0.036042,0.10281,0.18985,21.44,3.8777,1.3684,6.3573,13.927,5.0262,243.73,1
0.16389,0.020283,0.082063,0.14242,18.743,3.6675,0.90587,5.5273,7.097,4.8329,197.67,1
0.28021,0.064407,0.12087,0.25378,19.628,3.871,1.6376,5.8444,16.739,4.9168,288.47,1
0.26819,0.059756,0.11239,0.24445,26.356,4.4472,1.8245,6.8032,12.23,4.8893,266.52,1
0.24434,0.048909,0.1057,0.22115,20.851,4.008,1.4773,6.046,7.277,4.9164,244.69,1
0.1839,0.026085,0.089088,0.16151,23.812,4.1847,1.1593,6.3039,10.099,5.0255,212.72,1
0.25248,0.052368,0.10856,0.22884,17.593,3.745,1.3415,5.3132,0.18357,4.9694,265.99,1
0.20139,0.030099,0.10339,0.17349,9.8309,2.6141,0.917,4.5535,21.907,5.0293,237.56,1
0.2486,0.050084,0.11003,0.22379,23.285,4.1546,1.5932,6.4087,14.965,5.0265,267.46,1
0.16856,0.020603,0.089264,0.14354,15.989,3.2202,0.94245,5.5913,11.272,4.9532,211.13,1
0.19121,0.027623,0.095673,0.1662,17.143,3.4531,1.0912,5.7067,17.694,5.0551,223.33,1
0.20638,0.033643,0.09598,0.18342,26.017,4.3542,1.3669,6.6231,15.96,4.8847,225.01,1
0.17867,0.023458,0.092984,0.15316,12.069,2.9037,0.79945,4.4746,5.5505,4.9599,209.28,1
0.17834,0.023977,0.089524,0.15484,10.528,2.7527,0.75177,4.2154,13.308,4.9174,213.92,1
0.24246,0.046497,0.11248,0.21563,12.369,3.0551,1.1608,4.7877,15.328,4.9732,256.69,1
0.24399,0.04682,0.11433,0.21638,14.348,3.2682,1.2848,5.2658,5.0521,5.1385,262.18,1
0.2865,0.069214,0.11577,0.26309,22.484,4.2006,1.748,6.1013,9.8151,4.9016,275.99,1
0.20276,0.031234,0.1006,0.17673,18.518,3.5297,1.2281,6.0567,13.247,5.0867,234.83,1
0.14543,0.014689,0.081084,0.1212,14.678,3.0494,0.77764,5.3472,6.0422,4.993,197.3,1
0.20304,0.033163,0.091208,0.18211,20.019,3.875,1.1971,5.8961,10.758,4.8102,214.47,1
0.16078,0.018915,0.084154,0.13753,9.9283,2.6729,0.71539,4.4495,7.7118,4.8278,197.85,1
0.20412,0.031668,0.10121,0.17795,19.145,3.7107,1.1726,5.7446,9.8616,5.1407,239.72,1
0.21622,0.039708,0.085737,0.19927,35.538,5.3921,1.5773,7.295,5.5606,4.8313,198.82,1
0.15629,0.018003,0.081019,0.13418,16.73,3.3853,0.87805,5.6179,12.672,4.9076,197.84,1
0.16183,0.01923,0.084314,0.13867,12.135,2.8944,0.8392,5.1856,8.8009,4.9068,200.11,1
0.14804,0.014213,0.088396,0.11922,8.2291,2.2367,0.62819,4.2434,2.7786,5.1728,207.76,1
0.17369,0.02314,0.084891,0.15212,21.973,3.9161,1.1067,6.3717,8.9437,4.8169,203.16,1
0.20373,0.032661,0.095383,0.18072,20.609,3.8909,1.2236,6.0062,9.5421,4.9268,240.64,1
0.18315,0.02535,0.091605,0.15922,14.322,3.1615,0.94784,5.1751,7.1474,4.8535,214.51,1
0.15885,0.018424,0.083382,0.13573,14.62,3.1885,0.83524,5.258,5.9856,4.9519,197.59,1
0.14683,0.015635,0.077741,0.12504,10.794,2.7348,0.69301,4.7199,13.043,4.9047,187.34,1
0.20998,0.03376,0.10292,0.18374,13.376,3.0723,1.0796,5.1417,9.0817,4.8514,254.49,1
0.14632,0.015221,0.079411,0.12337,9.17,2.5279,0.59366,4.0573,23.562,4.8908,187.06,1
0.17259,0.021623,0.091272,0.14705,9.9137,2.6328,0.77279,4.4777,7.1313,4.977,223.73,1
0.20671,0.034472,0.092318,0.18567,21.766,4.1418,1.2085,5.8462,0.59983,4.8968,244.53,1
0.20639,0.032809,0.10021,0.18113,15.688,3.3277,1.0901,5.2816,13.068,4.9322,227.64,1
0.18058,0.023662,0.095552,0.15382,10.595,2.7058,0.80224,4.4426,7.4078,4.9918,236.64,1
0.19933,0.031449,0.09234,0.17734,23.383,4.1508,1.2436,6.2388,8.4998,4.9332,224.9,1
0.19815,0.030354,0.095633,0.17422,13.26,3.1363,0.97771,4.9341,31.892,4.949,226.68,1
0.1473,0.015177,0.081478,0.1232,11.258,2.7312,0.71018,4.8212,7.8601,4.9687,200.1,1
0.16088,0.019144,0.082981,0.13836,14.566,3.2434,0.78111,4.8553,7.8094,4.9532,191.14,1
0.18364,0.026527,0.086039,0.16287,24.957,4.2159,1.2104,6.5908,11.604,4.8088,201.45,1
0.18343,0.026177,0.087597,0.16179,26.645,4.3773,1.2362,6.7391,10.238,4.9291,215.44,1
0.16304,0.019866,0.082879,0.14095,13.875,3.1359,0.80318,4.9264,9.0674,4.8009,205.2,1
0.19194,0.02815,0.094386,0.16778,16.472,3.4308,1.1039,5.7512,7.8045,5.049,227.42,1
0.21502,0.035442,0.1052,0.18826,11.407,2.9444,0.96926,4.5077,11.174,4.9754,264.27,1
0.18696,0.026352,0.09384,0.16233,14.446,3.1796,0.99707,5.3331,11.009,5.0507,243.26,1
0.18012,0.02381,0.0939,0.1543,10.649,2.7855,0.78652,4.3667,10.893,5.0973,219.66,1
0.21625,0.036562,0.10239,0.19121,17.135,3.5443,1.2309,5.6923,12.47,4.9294,243.69,1
0.23825,0.044966,0.11021,0.21205,18.186,3.6116,1.3942,5.8517,9.0319,4.9704,267.8,1
0.18343,0.025899,0.089149,0.16093,15.988,3.4124,0.9859,5.3749,15.802,4.9282,212.36,1
0.21374,0.036627,0.096651,0.19138,24.547,4.2401,1.4164,6.6269,4.7672,4.9248,233.34,1
0.2433,0.04982,0.098806,0.2232,34.488,5.2137,1.8065,7.4248,6.4262,4.859,231.62,1
0.23793,0.045774,0.10579,0.21395,12.388,3.1679,1.0561,4.4387,18.081,4.8466,248.53,1
0.18531,0.025287,0.09617,0.15902,13.937,3.0059,0.94896,5.121,8.9465,5.0362,240.58,1
0.23413,0.043349,0.10864,0.20821,18.731,3.7382,1.3798,5.8935,4.6063,4.9644,254,1
0.19954,0.03089,0.095749,0.17575,16.379,3.4347,1.118,5.6026,17.18,4.9744,232.73,1
0.24603,0.050129,0.10386,0.2239,26.203,4.5069,1.5729,6.3931,4.1771,4.9959,235.96,1
0.23158,0.042848,0.10542,0.207,19.29,3.7562,1.37,5.9157,10.166,5.0301,255.38,1
0.20598,0.033668,0.09497,0.18349,24.609,4.2543,1.3222,6.419,8.6857,4.9547,234.87,1
0.14822,0.01596,0.078304,0.12633,13.401,3.1121,0.67194,4.5335,7.0868,4.8813,190.63,1
0.15863,0.017762,0.086819,0.13328,17.048,3.3529,0.87649,5.5255,5.6744,4.9184,208.45,1
0.21683,0.037245,0.1003,0.19299,17.803,3.6031,1.18,5.4418,8.1655,4.841,234.07,1
0.17261,0.022195,0.088159,0.14898,13.989,3.1689,0.86433,5.0074,7.8455,4.9505,206.97,1
0.15106,0.017048,0.076842,0.13057,18.484,3.6177,0.87951,5.8221,9.9471,4.855,203.74,1
0.20801,0.033622,0.099537,0.18336,17.365,3.5385,1.2027,5.7818,7.5824,4.992,247.24,1
0.20872,0.033684,0.1007,0.18353,15.551,3.3517,1.1873,5.6884,8.6712,4.9806,241.25,1
0.17449,0.022772,0.088612,0.1509,13.991,3.1059,0.90733,5.1998,15.784,4.9969,213.63,1
0.19405,0.028307,0.097812,0.16825,13.503,3.0757,0.97429,5.0208,10.053,5.0224,222.33,1
0.16695,0.020355,0.087607,0.14267,10.892,2.7719,0.72625,4.3501,9.429,4.8807,213.52,1
0.14126,0.013796,0.079144,0.11746,10.145,2.5344,0.67692,4.7921,8.2944,4.9432,188.57,1
0.22918,0.042277,0.10283,0.20561,26.578,4.4157,1.5236,6.6482,8.8764,5.0968,269.3,1
0.16983,0.021055,0.089158,0.1451,12.158,2.8316,0.86358,5.085,12.044,4.8908,229.07,1
0.14874,0.015462,0.082347,0.12435,14.244,3.0048,0.76945,5.1732,7.6373,5.0509,199.46,1
0.17647,0.022691,0.092868,0.15064,10.953,2.7686,0.83107,4.7096,7.8001,5.0498,226.11,1
0.23911,0.044924,0.11224,0.21195,13.486,3.2347,1.1585,4.8451,0.36981,5.018,259.38,1
0.16592,0.020695,0.083643,0.14386,18.5,3.5795,0.96528,5.8177,8.6941,4.922,206.22,1
0.16496,0.01995,0.086126,0.14124,15.095,3.1345,0.92513,5.6081,10.906,4.897,205.77,1
0.17354,0.022075,0.090622,0.14858,18.797,3.5947,1.0411,5.9992,9.3773,5.1745,226.03,1
0.26209,0.055377,0.11723,0.23532,18.023,3.7157,1.4838,5.6613,9.9265,4.981,287.54,1
0.20165,0.031436,0.097308,0.1773,18.604,3.6747,1.1824,5.8638,9.8262,4.9738,224.78,1
0.22795,0.041341,0.10461,0.20332,16.187,3.4862,1.2361,5.4224,12.857,4.997,238.56,1
0.18852,0.026392,0.096701,0.16246,15.049,3.1728,1.0189,5.4047,11.846,4.9168,224.6,1
0.14239,0.014047,0.079611,0.11852,9.8709,2.5662,0.61103,4.2912,11.436,4.9948,188.49,1
0.12691,0.010824,0.073256,0.10404,10.008,2.4608,0.58878,4.6392,13.144,4.7246,177.54,1
0.17913,0.023818,0.091946,0.15433,12.577,2.9994,0.89431,4.9926,17.015,5.0181,225.48,1
1.3225,1.5347,0.47553,1.2388,22.888,4.2795,1.0516,6.128,13.491,5.1762,1086.8,2
0.88995,0.66487,0.36374,0.81539,17.106,3.6003,0.7525,5.5154,2.2957,5.2066,818.4,2
0.88454,0.64689,0.37487,0.80429,15.727,3.3821,0.86998,5.6864,4.9584,5.1736,844.32,2
1.3967,1.7341,0.47954,1.3169,27.163,4.6787,1.3015,6.3323,39.101,5.1124,1092.4,2
0.98935,0.82798,0.39656,0.90993,20.184,3.8768,1.2214,6.301,1.2496,5.2382,887.87,2
0.86389,0.63257,0.34444,0.79534,21.403,4.0771,1.0462,6.0678,1.3524,5.2323,808.28,2
0.96887,0.79357,0.38895,0.89083,20.023,3.8533,1.1448,6.0262,8.4154,5.1662,881.57,2
1.1959,1.2674,0.41536,1.1258,24.371,4.4468,0.89572,6.2909,13.359,5.1603,923.74,2
1.5459,2.1007,0.55269,1.4494,22.397,4.198,0.71634,6.1372,27.933,5.1005,1209.4,2
1.192,1.2151,0.46397,1.1023,16.44,3.5871,0.89938,5.4785,3.9177,5.1505,1033.6,2
1.1291,1.1177,0.40723,1.0572,23.67,4.3238,1.014,6.1045,9.1901,5.2252,914.42,2
1.1676,1.2106,0.40267,1.1003,30.666,4.9843,1.2255,6.8818,-6.2009,5.2611,887.47,2
1.1145,1.0474,0.45041,1.0234,13.534,3.2254,1.4444,5.2428,3.575,5.1364,983.56,2
0.97782,0.80576,0.39576,0.89764,14.496,3.4071,1.0179,4.9648,6.7531,5.1722,921.51,2
1.0895,1.0249,0.41227,1.0124,25.523,4.4496,0.61423,6.6036,5.6835,5.2586,935.11,2
1.3202,1.5137,0.4908,1.2303,24.519,4.3444,1.0695,6.3222,7.457,5.1654,1137.6,2
0.91243,0.68257,0.39401,0.82618,13.782,3.1973,1.0944,5.0028,12.075,4.9872,901.29,2
1.0277,0.90562,0.39707,0.95164,19.684,3.9805,1.08,5.6555,6.8983,5.2448,897.65,2
1.2396,1.348,0.44609,1.161,28.802,4.7656,1.0061,6.5418,1.8827,5.2236,998.53,2
1.1714,1.1939,0.43303,1.0926,26.935,4.5871,0.99559,6.3921,0.39364,5.3975,977.14,2
1.2686,1.4121,0.45624,1.1883,22.544,4.2546,1.1073,5.9294,5.2403,5.0185,1000.9,2
1.0464,0.93653,0.4071,0.96774,21.811,4.1165,1.4172,6.0643,4.7238,5.1988,934.77,2
1.8894,3.2673,0.57277,1.8076,38.791,5.693,0.96131,7.6012,-5.0195,5.2485,1339.8,2
1.4531,1.8787,0.49718,1.3707,30.566,4.9412,1.247,6.9097,-5.3749,5.0357,1091.2,2
1.3415,1.6019,0.45848,1.2657,32.381,5.1437,1.1223,6.7818,8.0821,5.2328,1032.9,2
2.0277,3.8054,0.57951,1.9507,38.557,5.7366,1.6555,7.2793,5.4667,5.1136,1301.5,2
1.7212,2.6822,0.54865,1.6377,36.223,5.4721,1.2161,7.0877,26.367,5.2217,1294.5,2
1.1626,1.1531,0.45549,1.0738,22.7,4.1546,1.1842,6.3844,14.178,5.1129,1059.8,2
1.5159,2.0471,0.5163,1.4308,31.173,4.9896,0.75652,6.9424,25.013,5.0729,1145.8,2
1.4006,1.7622,0.46172,1.3275,38.432,5.6468,1.4257,7.1897,3.2293,5.1043,1060.8,2
1.463,1.9054,0.49972,1.3804,29.955,4.8808,1.3052,6.8346,5.6325,5.1849,1130.9,2
1.1125,1.059,0.43237,1.0291,19.548,3.8702,1.3114,5.7837,4.789,5.0991,993.53,2
1.7654,2.8559,0.53185,1.6899,37.172,5.5956,1.1807,7.318,31.154,5.1018,1180.5,2
1.1251,1.1172,0.39653,1.057,31.979,5.0529,1.0778,6.6239,27.497,5.1125,912.12,2
2.2816,4.7898,0.67291,2.1886,39.992,5.8013,0.87421,7.4695,-5.4707,5.0891,1490.7,2
1.1059,1.0513,0.4241,1.0253,19.79,3.942,1.2306,5.8728,12.535,5.3689,991.8,2
1.0403,0.92999,0.39927,0.96436,20.465,3.9695,1.0455,6.2265,4.5487,4.9074,898.09,2
1.525,2.0629,0.52786,1.4363,25.543,4.5037,0.65937,6.4436,5.7476,5.2543,1200.4,2
1.1862,1.2291,0.43319,1.1086,23.223,4.3237,1.3007,5.9115,3.1503,5.2282,1003.4,2
1.3295,1.5919,0.43371,1.2617,33.805,5.3095,0.97559,6.8008,35.542,5.119,1013.8,2
1.3629,1.6161,0.50393,1.2712,25.853,4.4426,1.286,6.8827,2.6363,5.0085,1163.3,2
0.92144,0.69338,0.40131,0.8327,14.41,3.2716,1.2826,5.4302,5.728,5.2736,924.51,2
1.6252,2.3723,0.53604,1.5402,34.186,5.2944,1.9779,6.8033,27.88,5.2507,1175.4,2
1.048,0.93934,0.40785,0.9692,23.353,4.2661,1.6627,6.0863,3.0211,5.2684,949.48,2
0.97444,0.79925,0.39557,0.89401,18.557,3.7642,0.94328,5.5947,13.54,5.2522,916.5,2
1.2429,1.3338,0.4704,1.1549,20.423,3.9634,1.0865,6.3664,3.2443,5.3217,1092.8,2
1.1725,1.2171,0.40868,1.1032,32.528,5.0965,1.3898,7.2014,5.3261,5.1796,940.4,2
0.84595,0.58307,0.37024,0.76359,12.22,3.0153,1.4151,5.0605,6.1927,5.1622,870.13,2
1.0908,1.0312,0.40821,1.0155,24.436,4.3584,0.98775,6.6046,6.3473,5.1849,939.74,2
1.069,0.98175,0.41051,0.99083,22.637,4.1792,0.8795,6.0014,5.1446,5.0759,955.23,2
0.9496,0.76697,0.37511,0.87577,19.148,3.8583,1.2915,5.862,9.8387,5.175,898.44,2
1.3351,1.5572,0.48713,1.2479,19.49,3.9499,1.1667,5.7092,12.786,5.1275,1076.5,2
1.2252,1.287,0.47327,1.1345,25.35,4.347,1.221,6.5856,4.7609,5.2465,1085.5,2
1.1294,1.0976,0.43196,1.0476,20.829,4.047,0.86775,6.0326,10.71,5.213,984.07,2
1.5375,2.1269,0.50348,1.4584,29.501,4.9143,0.84255,6.4674,30.482,5.1915,1142.3,2
0.98218,0.82156,0.38663,0.9064,16.557,3.6292,1.0199,5.3646,4.0385,5.2968,917.34,2
1.0926,1.0456,0.39546,1.0225,29.474,4.7662,1.6885,7.2434,3.9278,5.0824,913.72,2
1.9648,3.5573,0.57502,1.8861,35.154,5.4665,2.5752,7.045,32.73,5.1058,1294.3,2
1.0624,0.96223,0.41697,0.98093,21.553,4.0089,1.5924,6.3408,8.7791,5.0953,925.31,2
0.9757,0.80684,0.3891,0.89824,18.025,3.7002,1.5666,6.0199,5.2749,5.2368,921.78,2
1.8339,3.107,0.52957,1.7627,41.553,5.9962,1.0189,7.4112,-5.3294,5.2768,1215.7,2
1.2474,1.3593,0.4552,1.1659,22.625,4.2296,0.68458,5.9317,9.7283,5.0903,1048.5,2
1.6047,2.3272,0.51556,1.5255,31.636,5.109,1.0797,6.7744,40.311,5.1395,1156.9,2
1.4164,1.7979,0.4715,1.3408,32.927,5.1844,1.0691,6.8435,22.609,5.1689,1081.9,2
1.7875,2.8883,0.57377,1.6995,32.87,5.2014,0.91845,6.8115,30.838,5.2254,1305.6,2
1.0774,1.0214,0.38383,1.0106,24.69,4.5146,1.2315,6.1711,6.742,5.1351,869.19,2
1.1197,1.0782,0.42882,1.0384,23.215,4.2211,0.70598,6.3929,3.5201,5.1482,953.26,2
1.6553,2.4792,0.52921,1.5745,34.509,5.3402,0.7744,7.0172,38.821,5.1192,1154.1,2
1.6826,2.5425,0.55532,1.5945,29.125,4.8983,0.98718,6.8083,36.203,5.1541,1290.4,2
1.5708,2.233,0.50171,1.4943,35.005,5.3948,0.8734,7.0414,6.2299,5.3075,1132.4,2
0.9157,0.69847,0.38137,0.83575,16.331,3.5375,0.62157,5.3455,1.1476,5.2312,880.36,2
0.94014,0.73819,0.38909,0.85918,16.007,3.506,0.70515,5.3844,1.6956,5.1682,874.23,2
1.0853,1.0033,0.42707,1.0017,19.879,3.886,0.81637,5.9006,9.8839,5.2713,962.27,2
1.1847,1.208,0.45255,1.0991,19.061,3.8733,1.4748,5.5224,4.7996,5.3287,1012.2,2
1.2787,1.4295,0.4654,1.1956,24.247,4.3599,1.3394,6.1066,3.8795,4.9868,1059.7,2
1.0614,0.95428,0.42379,0.97687,15.043,3.3904,1.0993,5.4216,9.4297,5.1215,980.28,2
1.0537,0.94622,0.41402,0.97274,20.854,3.9686,0.84915,6.2155,1.9731,5.2122,950.74,2
0.84424,0.58943,0.3576,0.76775,16.875,3.5154,1.4136,5.6847,5.7453,5.1128,853.69,2
0.97439,0.81467,0.37561,0.90259,22.244,4.1744,0.91081,6.1226,2.412,5.2521,946.3,2
1.2259,1.3148,0.44512,1.1467,22.689,4.2376,1.2361,6.0261,4.3461,5.2093,1045.2,2
1.4784,1.9849,0.46486,1.4089,35.343,5.4599,1.2637,7.2115,32.542,5.0977,1031.9,2
1.2366,1.3322,0.4553,1.1542,27.705,4.6098,1.1515,6.9784,3.0427,5.1942,1042.8,2
1.0797,0.99844,0.41848,0.99922,19.119,3.8325,1.1218,6.1354,3.6435,5.1569,964.13,2
0.82098,0.5504,0.35758,0.74189,12.628,3.0814,1.1035,5.101,4.1462,5.2274,831.8,2
1.1283,1.1011,0.42482,1.0493,19.404,3.9332,0.83663,5.8472,7.8603,5.1843,982.95,2
1.477,1.9244,0.52171,1.3872,21.412,4.186,0.87633,6.0811,11.652,5.1906,1202,2
1.2427,1.3675,0.43286,1.1694,26.691,4.6359,0.69396,6.5699,5.9944,5.1867,1005.6,2
1.3273,1.5783,0.44229,1.2563,26.808,4.7125,0.86094,6.2847,8.4082,5.2885,1031.9,2
1.3125,1.511,0.47249,1.2292,21.454,4.1105,0.93707,5.9801,10.43,5.1741,1101.5,2
1.1052,1.0667,0.40392,1.0328,26.146,4.534,0.85434,6.7496,7.2921,5.1521,946.58,2
1.2705,1.4432,0.42665,1.2013,33.166,5.2271,0.96402,7.0982,6.8896,5.3114,998.11,2
1.6399,2.4331,0.52441,1.5598,31.522,5.0832,0.63629,6.8283,1.2635,5.2703,1217,2
1.1479,1.1472,0.42357,1.0711,25.19,4.43,0.98862,6.1967,9.3072,5.1358,961.12,2
1.4271,1.8105,0.49007,1.3456,25.584,4.5653,0.76022,6.188,10.685,5.2964,1113.4,2
1.361,1.6542,0.45926,1.2862,31.105,5.0155,0.74261,6.8792,7.3146,5.1064,1078,2
1.6714,2.5536,0.50986,1.598,33.046,5.3178,0.79107,6.9471,29.046,5.1991,1171.8,2
1.2597,1.3678,0.47913,1.1695,18.633,3.8387,1.0606,5.4517,14.175,5.0427,1156,2
1.2482,1.3937,0.41838,1.1805,32.254,5.1529,0.90533,6.7721,7.9457,5.2958,971.33,2
1.4176,1.8125,0.45966,1.3463,29.169,4.9252,0.75307,6.8214,32.252,5.0506,1068.2,2
1.2197,1.3142,0.42847,1.1464,30.717,4.9217,0.92749,6.9065,3.3102,5.1438,1020.5,2
0.92405,0.72931,0.36085,0.854,19.512,3.9369,0.84474,5.714,1.4049,5.2847,869.16,2
1.3051,1.5179,0.44398,1.232,28.56,4.8238,1.0496,6.4918,25.22,5.0884,1035,2
1.326,1.5386,0.48117,1.2404,22.085,4.2101,0.67141,6.0034,5.1011,5.2902,1099.7,2
1.2817,1.4459,0.45607,1.2025,26.763,4.5927,1.1256,6.5458,3.886,5.0802,1045.8,2
1.068,0.96139,0.43208,0.98051,14.481,3.3487,0.60883,5.0086,6.4821,5.0501,995.38,2
1.2543,1.4029,0.42563,1.1844,27.856,4.7599,1.2002,6.7992,2.4527,5.3518,974.18,2
1.0873,1.019,0.41363,1.0094,20.611,3.9913,1.2983,5.9005,2.7485,5.0558,968.1,2
1.2369,1.3344,0.45381,1.1552,20.816,4.0543,0.80584,6.0802,7.3572,5.2003,1078,2
1.4699,1.9225,0.50295,1.3865,28.227,4.7297,0.8752,6.8922,-0.54936,5.1503,1163.1,2
1.241,1.3584,0.43842,1.1655,21.441,4.1728,2.2232,5.8924,5.3639,5.1393,1090.1,2
1.3607,1.6696,0.44146,1.2921,29.405,4.9263,1.2508,6.4919,7.6709,5.2427,1030.2,2
1.2628,1.397,0.45651,1.182,25.822,4.5173,0.74693,6.4595,2.8715,5.2058,1061.5,2
1.0323,0.91548,0.39662,0.95681,22.49,4.1707,1.0477,6.4009,4.5124,5.1947,966.32,2
1.3463,1.6095,0.46409,1.2687,29.68,4.9072,0.84752,6.867,8.3118,5.2574,1068.6,2
2.5183,5.9223,0.68213,2.4336,42.161,6.0493,0.60326,7.7004,-5.4003,5.2019,1523,2
1.2101,1.3027,0.41439,1.1414,29.843,4.9293,1.2046,6.4764,2.6616,5.2582,986.12,2
1.0808,0.99463,0.42578,0.99731,18.322,3.7271,1.4471,5.6459,10.418,5.0479,954.63,2
1.262,1.3905,0.46141,1.1792,21.871,4.1143,1.3254,6.2471,9.2699,5.1999,1035.4,2
0.91868,0.71601,0.36541,0.84617,19.967,3.9046,0.8921,6.0831,2.7375,5.2042,863.68,2
1.6069,2.3271,0.52264,1.5255,29.038,4.93,0.82289,6.7495,22.599,5.2437,1197.1,2
1.0533,0.94275,0.41716,0.97096,14.335,3.407,0.97921,4.6987,6.93,5.0981,977.35,2
1.0515,0.96528,0.38449,0.98249,23.659,4.3483,0.96848,6.4262,1.9647,5.2196,917.38,2
1.0786,1.0108,0.4006,1.0054,21.623,4.1284,1.1374,6.0515,7.8485,5.2595,959.99,2
0.96973,0.82631,0.3471,0.90901,28.98,4.8159,1.4073,6.4144,8.423,5.2228,810.99,2
1.1829,1.2237,0.43,1.1062,22.333,4.2269,1.0799,6.2576,19.665,5.1782,1035.3,2
0.96105,0.77989,0.387,0.88311,13.078,3.2289,1.0275,4.8191,18.008,5.2431,958.69,2
1.2408,1.3498,0.4475,1.1618,22.206,4.2049,0.69831,6.3254,5.2646,5.2247,1058.5,2
1.0728,0.97467,0.42879,0.98725,16.573,3.5643,0.83095,5.349,5.2166,4.9524,995.5,2
1.1882,1.2378,0.42862,1.1126,21.453,4.1148,1.0186,6.12,8.7495,5.22,988.18,2
1.6631,2.5138,0.52123,1.5855,35.382,5.4316,1.1201,7.266,6.5227,5.251,1287.6,2
1.0844,1.0056,0.42203,1.0028,16.144,3.5301,1.1489,5.6669,4.9406,5.074,1033.3,2
2.0498,3.8737,0.59831,1.9682,38.905,5.7244,1.2839,7.7807,-5.3646,5.2575,1356.8,2
1.3837,1.6839,0.49377,1.2976,21.052,4.1306,0.78165,5.9896,13.92,5.1851,1128.3,2
1.005,0.86357,0.39142,0.92928,20.739,3.9981,1.2682,5.81,4.3122,5.2027,902.99,2
1.2657,1.4206,0.43865,1.1919,25.172,4.5389,0.96665,6.4054,10.633,5.1721,986.51,2
1.9556,3.5049,0.58872,1.8721,34.688,5.4028,0.82102,6.894,7.86,5.082,1318.9,2
1.1238,1.0914,0.42431,1.0447,20.658,4.0426,0.81953,6.0327,9.935,5.1088,973.47,2
1.2895,1.4806,0.43999,1.2168,30.233,4.9578,1.2397,7.0995,21.772,5.4495,1044.2,2
1.245,1.369,0.43768,1.17,27.855,4.7392,1.133,6.6979,9.2076,5.2833,1032.1,2
1.2071,1.2858,0.42564,1.1339,24.81,4.4688,0.79698,6.509,23.057,5.2611,985.65,2
0.94704,0.7639,0.37269,0.87401,17.885,3.7222,0.64701,5.5716,5.3499,5.2584,916.56,2
1.3772,1.6901,0.46857,1.3,29.104,4.8564,1.6944,6.9496,-4.5249,5.1952,1066.5,2
0.96868,0.80851,0.36892,0.89917,26.939,4.5852,2.0151,6.3793,7.6894,5.2173,881.44,2
1.4455,1.8778,0.47557,1.3703,32.132,5.1493,2.7989,6.7892,12.387,5.3522,1082.3,2
1.3092,1.5027,0.47233,1.2258,21.035,4.0924,2.6659,5.8384,4.8798,5.074,1110.9,2
1.2268,1.3286,0.43209,1.1526,24.662,4.4984,1.4497,6.0457,17.805,5.239,977.85,2
1.3108,1.5342,0.44267,1.2386,27.627,4.7016,0.85867,6.4623,8.1878,5.1939,1034.8,2
1.397,1.7487,0.46525,1.3224,29.651,4.8805,0.77998,6.7144,7.5689,5.0926,1145.9,2
0.92165,0.70697,0.38464,0.84081,17.067,3.5946,0.93006,5.5423,4.1573,5.3164,918.88,2
1.2364,1.3649,0.41738,1.1683,30.818,5.0126,1.1127,6.9215,22.485,5.2437,1087.8,2
1.3197,1.5588,0.44156,1.2485,30.314,4.9669,1.5259,7.0896,0.81954,5.2296,1085.9,2
1.5545,2.2106,0.47224,1.4868,40.183,5.814,1.3199,7.7537,-5.4195,5.1617,1114.4,2
1.4205,1.8258,0.45412,1.3512,32.361,5.2158,1.5556,6.9487,17.389,5.2083,1040.3,2
1.1683,1.1948,0.42365,1.0931,26.791,4.6054,1.3823,6.2685,9.6645,5.2009,967.97,2
1.3055,1.5168,0.44629,1.2316,26.481,4.6478,0.97049,6.5922,21.986,5.2016,1045.6,2
1.4081,1.7816,0.46375,1.3348,28.449,4.8598,1.1435,6.7689,30.729,5.2969,1067.2,2
1.2975,1.4647,0.47973,1.2102,18.553,3.8884,0.97011,5.5915,21.828,5.1624,1158.8,2
1.3793,1.7014,0.46285,1.3044,31.266,5.0596,1.4646,7.1159,7.6467,5.2899,1057.7,2
1.386,1.7059,0.47785,1.3061,30.569,4.9662,1.6298,7.0896,-2.7786,5.1184,1086.9,2
0.98056,0.8075,0.40031,0.89861,14.839,3.4337,0.71725,4.9464,5.0595,5.2789,926.54,2
1.2892,1.4503,0.47228,1.2043,24.96,4.4379,0.92789,6.6334,10.785,5.0984,1116.5,2
1.2251,1.312,0.44617,1.1454,22.649,4.1914,1.0506,6.3229,9.0916,5.3306,1031.3,2
1.3492,1.6293,0.45143,1.2764,28.592,4.8537,1.8139,6.4772,-4.9235,5.3751,1030.9,2
1.1722,1.2007,0.42733,1.0958,25.654,4.4894,0.97014,6.3014,-4.6572,5.0412,1048.7,2
1.408,1.7914,0.45274,1.3384,31.956,5.105,1.355,7.2373,-5.0585,4.9798,1076.6,2
1.4345,1.8264,0.4954,1.3515,23.115,4.3183,1.0175,6.3002,6.6745,5.1588,1178.2,2
0.96217,0.77868,0.39132,0.88243,15.648,3.4465,0.75462,5.4402,8.787,5.1362,958.92,2
1.3644,1.6825,0.43844,1.2971,33.798,5.2833,1.241,7.2127,5.0737,5.2248,1021.1,2
1.6234,2.3872,0.51632,1.5451,35.751,5.391,1.0624,7.6089,-5.5121,5.125,1234.1,2
1.2226,1.302,0.45044,1.141,21.871,4.156,1.4844,6.2395,6.0905,5.2259,1134.4,2
1.0644,0.97988,0.40076,0.98989,20.342,4.0009,0.72977,5.861,7.5329,5.0289,928.92,2
1.0067,0.86468,0.3944,0.92988,18.313,3.77,0.73661,5.8836,4.9833,5.0822,931.83,2
1.7676,2.8149,0.57557,1.6778,34.429,5.3046,0.92051,7.1491,6.8091,5.1909,1350.6,2
1.0977,1.0211,0.43777,1.0105,19.912,3.8434,0.74018,6.1213,7.9421,5.1636,974.28,2
0.83942,0.58985,0.34547,0.76801,13.786,3.2932,1.1094,5.1182,10.457,5.2573,819.1,2
1.9466,3.4684,0.58969,1.8624,37.732,5.629,1.3762,7.4312,34.838,4.9396,1396.3,2
0.92517,0.71623,0.38113,0.8463,20.884,3.882,1.9193,6.4675,0.55151,5.0068,907.06,2
1.0344,0.93101,0.38223,0.96489,26.763,4.5695,1.5514,6.5075,10.212,5.3055,899.43,2
1.5405,2.1388,0.50091,1.4625,34.336,5.3328,1.4244,7.234,-5.2606,5.1511,1210.4,2
1.8235,3.0366,0.55879,1.7426,38.516,5.6642,1.0128,7.3944,3.0213,5.1098,1385.3,2
1.4103,1.7345,0.51769,1.317,24.24,4.3504,1.3684,6.141,8.6084,5.1666,1177.5,2
1.0182,0.87512,0.41026,0.93548,16.746,3.6037,0.90587,5.5987,4.3498,5.2538,1003.4,2
1.2277,1.3146,0.45041,1.1465,24.052,4.3525,1.6376,6.1949,28.423,5.252,1082.3,2
1.2145,1.2775,0.45539,1.1303,26.304,4.476,1.8245,6.628,3.4873,5.1696,1058.9,2
0.88095,0.66409,0.34225,0.81492,17.572,3.7635,1.4773,5.3943,15.707,5.0473,798.49,2
0.93144,0.74063,0.36428,0.8606,19.357,3.909,1.1593,5.826,4.5878,5.2648,860.73,2
1.2745,1.4106,0.47403,1.1877,21.058,4.0367,1.3415,5.9115,7.0765,4.9892,1131.7,2
1.3107,1.5181,0.45984,1.2321,28.536,4.7778,0.917,6.5128,8.718,5.265,1110.6,2
1.0529,0.93559,0.42449,0.96726,15.152,3.4168,1.5932,5.5144,10.666,5.0341,976.38,2
1.2276,1.3185,0.44581,1.1482,27.237,4.6011,0.94245,6.806,5.3591,5.1931,1126.3,2
0.97864,0.80895,0.39378,0.89941,18.352,3.728,1.0912,5.902,3.9246,5.0464,870.24,2
1.5444,2.1627,0.48917,1.4706,36.649,5.5043,1.3669,7.4276,4.5383,5.2383,1137.2,2
1.3523,1.6065,0.48431,1.2675,29.197,4.7684,0.79945,6.7207,25.287,5.0223,1189.3,2
0.99934,0.85065,0.39322,0.92231,22.69,4.1105,0.75177,6.4738,0.4332,5.0577,956.38,2
1.0163,0.88768,0.38989,0.94217,20.159,3.9748,1.1608,5.839,5.2375,4.978,911.15,2
0.97031,0.77173,0.41922,0.87848,12.028,2.9711,1.2848,4.8,7.4858,4.9062,999.3,2
1.3207,1.5312,0.47422,1.2374,26.414,4.5723,1.748,6.3787,41.472,5.2079,1117.7,2
1.1277,1.0806,0.44647,1.0395,15.822,3.5529,1.2281,5.1651,5.7258,5.1344,1061.5,2
0.97147,0.81483,0.36776,0.90268,24.445,4.3895,0.77764,6.2894,4.334,5.2157,938.12,2
1.1259,1.0827,0.43968,1.0405,17.54,3.6784,1.1971,5.4848,5.5757,5.0484,1043.1,2
1.3587,1.6528,0.45398,1.2856,35.151,5.3438,0.71539,7.3166,6.562,5.0864,1079.7,2
1.1039,1.0541,0.41557,1.0267,20.005,3.9754,1.1726,5.7899,24.346,5.0953,1010.7,2
1.1802,1.2008,0.44869,1.0958,21.003,4.0266,1.5773,6.0983,9.2186,5.2188,1093,2
1.0669,0.95975,0.43113,0.97967,15.731,3.4287,0.87805,5.5495,5.5355,4.9767,1009.4,2
1.1285,1.1047,0.42105,1.0511,24.671,4.3835,0.8392,6.2005,11.192,5.141,1023.4,2
1.1035,1.0464,0.42369,1.0229,18.599,3.8168,0.62819,5.5857,14.426,5.1305,985.18,2
1.2195,1.3011,0.44287,1.1406,25.096,4.4663,1.1067,6.2187,7.0212,5.1698,1089.5,2
1.1048,1.0669,0.40256,1.0329,22.118,4.2213,1.2236,6.1059,12.384,5.1997,976.15,2
0.9239,0.72493,0.36646,0.85143,21.781,4.0469,0.94784,6.1404,3.2413,5.0048,859.22,2
0.70143,0.39283,0.31972,0.62676,12.969,3.0145,0.83524,5.3909,1.6819,5.2329,882.05,2
1.4563,1.913,0.47181,1.3831,35.587,5.3992,0.69301,7.3281,23.357,5.1274,1101.8,2
0.85585,0.59681,0.37455,0.77254,14.07,3.214,1.0796,4.9207,4.0266,5.0527,885.93,2
1.0581,0.98432,0.37806,0.99213,28.424,4.7649,0.59366,6.5347,1.4805,5.3189,921.6,2
1.0736,0.9988,0.40187,0.9994,25.747,4.4941,0.77279,6.683,4.3013,5.2917,1089.9,2
0.96382,0.76687,0.4099,0.87571,15.001,3.2699,1.2085,5.799,4.2483,5.0845,985.49,2
1.0253,0.90849,0.38715,0.95315,19.765,3.972,1.0901,5.5825,5.5041,5.2815,1014,2
1.5268,2.1227,0.47426,1.457,40.357,5.8359,0.80224,7.3072,-5.4908,5.1782,1135.3,2
1.1336,1.0965,0.44377,1.0471,20.478,3.9085,1.2436,6.3161,6.6482,5.078,1094.3,2
1.3165,1.5283,0.46568,1.2362,21.853,4.1772,0.97771,6.0401,11.685,5.3069,1125.4,2
1.0272,0.88754,0.41767,0.94209,14.103,3.3039,0.71018,5.0343,11.846,5.1957,1030.1,2
1.438,1.8507,0.48099,1.3604,25.769,4.6181,0.78111,6.292,7.5235,5.0358,1155.6,2
1.1733,1.2013,0.42974,1.096,28.566,4.7122,1.2104,6.8952,4.2799,5.1589,1016.7,2
1.4189,1.8043,0.47225,1.3433,35.321,5.3461,1.2362,7.0475,4.3925,5.048,1084.8,2
0.85522,0.61609,0.34653,0.78492,17.34,3.6381,0.80318,5.4553,3.6957,5.1365,931.04,2
0.88848,0.66797,0.35581,0.8173,15.987,3.5417,1.1039,5.1855,3.0254,5.0548,921.09,2
1.3107,1.4988,0.48027,1.2243,22.811,4.19,0.96926,6.2236,9.3499,5.0864,1136.3,2
1.0504,0.9532,0.39702,0.97632,18.398,3.8101,0.99707,5.6665,10.538,5.1538,944.69,2
1.3463,1.6035,0.4706,1.2663,24.879,4.4756,0.78652,6.1078,10.485,5.1462,1139.6,2
1.079,1.0131,0.39871,1.0065,18.206,3.8472,1.2309,5.5908,21.125,5.094,988.35,2
1.1481,1.1346,0.43861,1.0652,21.215,4.0341,1.3942,6.0849,12.56,5.0566,1105.9,2
0.80483,0.53196,0.34629,0.72936,14.765,3.2785,0.9859,5.3687,7.9351,5.0615,934.58,2
0.83047,0.57458,0.34577,0.75801,15.109,3.3939,1.4164,5.1205,3.1837,5.177,906.81,2
0.88854,0.66043,0.36632,0.81267,15.182,3.4083,1.8065,5.1752,5.29,5.1349,896.69,2
1.0026,0.86309,0.38578,0.92903,22.451,4.1795,1.0561,6.0781,2.1382,5.2474,978.4,2
1.0372,0.94426,0.37273,0.97173,22.374,4.2929,0.94896,5.9598,5.1261,5.2781,863.09,2
0.98861,0.83441,0.38654,0.91346,18.446,3.827,1.3798,5.4711,6.2482,5.2819,989.26,2
1.4955,2.0224,0.47923,1.4221,34.279,5.3495,1.118,6.7942,7.8411,5.1302,1146.3,2
1.132,1.1149,0.41853,1.0559,25.222,4.4245,1.5729,6.4842,7.9927,5.2107,1055,2
1.0306,0.9223,0.3835,0.96036,21.722,4.1872,1.37,6.1135,10.287,5.216,957.03,2
0.9616,0.79365,0.37037,0.89087,18.412,3.8551,1.3222,5.4421,4.2713,5.2831,940.55,2
1.4993,2.0241,0.4893,1.4227,30.404,4.9889,0.67194,6.7369,25.611,5.2024,1208.5,2
1.126,1.1329,0.37924,1.0644,31.251,5.0673,0.87649,6.6245,6.3792,5.248,920.07,2
0.87311,0.65035,0.34207,0.80644,18.05,3.7165,1.18,6.0004,7.4501,5.1045,892.99,2
1.1222,1.0869,0.42531,1.0425,21.381,4.0761,0.86433,5.9377,9.3696,5.1377,1060.1,2
1.2561,1.3862,0.44993,1.1774,22.835,4.3074,0.87951,5.9416,13.003,5.249,1128.9,2
1.6414,2.397,0.56199,1.5482,22.919,4.3253,1.2027,6.1944,26.673,4.9639,1398.6,2
0.99989,0.85352,0.39099,0.92386,18.088,3.7693,1.1873,5.7083,10.328,5.1282,966.61,2
1.3466,1.5843,0.49109,1.2587,19.736,3.9524,0.90733,5.7994,10.684,5.1285,1237.3,2
1.2806,1.4691,0.42698,1.2121,32.761,5.1499,0.97429,7.1028,22.904,5.2413,1103.7,2
1.159,1.1795,0.41585,1.0861,27.165,4.62,0.72625,6.7693,7.0386,5.1959,1060.5,2
1.7801,2.8947,0.54436,1.7014,27.961,4.8801,0.67692,6.2956,27.745,5.1969,1400,2
1.2992,1.51,0.43553,1.2288,31.713,5.0911,1.5236,6.6904,8.6078,5.2344,1054.1,2
0.89726,0.69019,0.34674,0.83078,17.695,3.7607,0.86358,5.3274,5.3021,5.2634,988.39,2
1.5198,2.0983,0.47732,1.4485,32.114,5.1335,0.76945,7.2895,28.487,5.2459,1228.2,2
1.2055,1.298,0.40648,1.1393,32.54,5.1656,0.83107,7.0442,8.3573,5.2581,1021.4,2
0.94173,0.7654,0.35692,0.87487,25.085,4.4276,1.1585,6.7254,6.4257,5.1377,924.17,2
0.77776,0.48713,0.34865,0.69795,10.637,2.7832,0.96528,4.6461,5.843,5.008,910.2,2
0.88791,0.67666,0.342,0.82259,23.88,4.3419,0.92513,6.043,12.484,5.2409,859.08,2
1.1916,1.245,0.42968,1.1158,18.361,3.8795,1.0411,5.449,14.178,5.1732,1068.7,2
0.84266,0.60033,0.33823,0.77481,23.801,4.2228,1.4838,6.2742,6.9786,5.1409,868.23,2
0.97767,0.83842,0.35203,0.91565,24.869,4.5164,1.1824,6.4884,4.2151,5.4179,903.76,2
1.5011,2.0414,0.47729,1.4288,30.134,5.008,1.2361,6.6748,30.426,5.1113,1204,2
1.0327,0.89874,0.41804,0.94802,15.431,3.4331,1.0189,5.2069,3.6915,5.0915,1116.9,2
1.3604,1.6632,0.44747,1.2897,30.937,5.0809,0.61103,6.7546,8.7952,5.2392,1120,2
0.97159,0.79057,0.39943,0.88914,16.967,3.5557,0.58878,5.8405,5.2652,5.2391,990.52,2
1.6122,2.3895,0.4776,1.5458,34.378,5.4536,0.89431,7.1778,-0.25835,5.1637,1147.7,2
0.5881,0.27735,0.26582,0.52664,10.836,2.7785,1.0516,4.6907,3.0837,4.7482,639.28,3
0.43868,0.15187,0.20432,0.3897,13.097,3.0748,0.7525,4.752,2.5262,5.1069,484.82,3
0.59619,0.27997,0.27865,0.52912,10.066,2.6006,0.86998,4.7603,2.1074,4.749,649.87,3
0.47414,0.17062,0.23562,0.41306,6.3374,2.118,1.3015,3.7277,7.4882,4.9475,585.23,3
0.81604,0.58115,0.29881,0.76233,31.853,5.0064,1.2214,7.0295,10.236,5.0245,782.04,3
0.51094,0.20723,0.23543,0.45523,11.812,2.8961,1.0462,4.7704,4.2853,4.9255,621.49,3
0.86379,0.6509,0.31668,0.80678,26.682,4.5914,1.1448,6.7571,3.4854,4.93,750.16,3
0.49008,0.18807,0.23144,0.43368,10.381,2.6925,0.89572,4.6498,4.3198,4.8745,577.74,3
0.46118,0.1639,0.22374,0.40485,9.1231,2.518,0.71634,4.3594,2.534,4.8489,535.97,3
0.48318,0.18526,0.2228,0.43042,12.04,2.8938,0.89938,5.2265,3.3918,4.9413,564.59,3
0.46295,0.16685,0.22083,0.40848,10.043,2.6406,1.014,4.673,4.8553,5.079,558.29,3
0.74385,0.4716,0.29216,0.68673,18.388,3.7936,1.2255,5.4522,3.189,4.886,734.74,3
0.59444,0.28065,0.27366,0.52976,13.781,3.0337,1.4444,5.4719,2.9189,5.0239,665.84,3
0.72574,0.44751,0.28751,0.66896,23.976,4.2248,1.0179,6.587,16.731,4.7699,675.3,3
0.80416,0.5437,0.32739,0.73736,20.46,3.8674,0.61423,5.9636,10.014,4.859,754.46,3
0.55039,0.23879,0.25689,0.48866,8.8623,2.4805,1.0695,4.7037,5.2031,4.6877,577.3,3
0.5262,0.21821,0.24571,0.46713,11.937,2.8266,1.0944,5.1205,2.1431,4.8723,564.53,3
0.50542,0.2033,0.23179,0.45089,12.98,3.02,1.08,4.9087,2.0079,4.9088,555.82,3
0.48135,0.18165,0.22683,0.4262,8.8103,2.4998,1.0061,4.3442,4.4433,4.901,562.16,3
0.51052,0.20957,0.22954,0.45779,15.612,3.3839,0.99559,5.369,2.547,5.0804,559.65,3
0.62106,0.31336,0.27347,0.55979,9.1835,2.6334,1.1073,3.9895,4.1114,4.767,601.28,3
0.69802,0.41474,0.27514,0.64401,25.755,4.3284,1.4172,6.7512,3.0776,4.8815,634.23,3
0.64591,0.33911,0.2841,0.58233,15.711,3.2373,0.96131,5.9602,-1.4986,4.6754,659.49,3
0.55355,0.24059,0.26018,0.4905,9.164,2.5029,1.247,4.5535,0.18898,4.9273,617.63,3
0.44768,0.15473,0.21652,0.39336,9.9798,2.5565,1.1223,4.679,1.5133,4.958,521.09,3
0.56048,0.25552,0.24617,0.50549,16.959,3.4308,1.6555,5.8453,3.4452,4.9183,573.92,3
0.73838,0.46851,0.28342,0.68448,22.776,4.2558,1.2161,5.8415,17.224,4.8829,688.59,3
0.63689,0.33777,0.26547,0.58118,22.409,4.015,1.1842,6.12,2.3658,4.9437,599.95,3
0.56503,0.26273,0.242,0.51257,22.109,3.921,0.75652,6.3699,2.8921,4.9089,607.99,3
0.72077,0.44211,0.28431,0.66491,18.282,3.7797,1.4257,5.3938,11.134,4.8843,670.49,3
0.66669,0.36144,0.29299,0.6012,15.454,3.3096,1.3052,5.3325,6.5893,4.8747,749.27,3
0.63428,0.32997,0.27369,0.57443,20.045,3.7382,1.3114,6.2852,2.1204,5.0919,627.07,3
0.48445,0.17922,0.23846,0.42334,9.5746,2.4681,1.1807,5.0592,1.8918,4.8955,605.43,3
0.50875,0.21263,0.21873,0.46112,22.355,4.0105,1.0778,6.1678,1.6238,5.0152,510.88,3
0.48172,0.18092,0.22922,0.42535,9.4262,2.5502,0.87421,4.7209,2.8827,4.8605,545.49,3
0.72104,0.43352,0.29957,0.65842,14.272,3.2672,1.2306,5.3167,6.8317,4.8793,687.93,3
0.84572,0.61306,0.32702,0.78298,25.614,4.3571,1.0455,6.5155,-2.1684,4.7189,762.7,3
0.44024,0.14277,0.22837,0.37784,5.7262,1.9471,0.65937,3.7785,-1.0079,4.9422,541.6,3
0.68407,0.3958,0.27426,0.62912,20.588,3.9261,1.3007,5.9979,3.2533,4.9935,658.52,3
0.63769,0.32901,0.28318,0.5736,11.173,2.8389,0.97559,4.5417,5.7719,4.7888,679.4,3
0.59113,0.2808,0.2661,0.52991,11.367,2.8281,1.286,5.1254,2.1276,4.8121,610.38,3
0.49418,0.19585,0.22336,0.44255,12.644,2.9521,1.2826,5.1135,6.1274,4.8223,516.35,3
0.49196,0.19159,0.22787,0.43771,16.895,3.3202,1.9779,6.0789,-2.1403,5.0897,519.7,3
0.45158,0.15468,0.22461,0.39329,6.7336,2.152,1.6627,3.8224,7.5321,4.7932,547.58,3
0.40363,0.12245,0.20351,0.34993,8.4408,2.31,0.94328,4.6839,4.9238,4.9563,468.49,3
0.47989,0.17326,0.24162,0.41625,6.7972,2.1287,1.0865,3.9189,2.4948,4.9472,525.67,3
0.64781,0.35031,0.26845,0.59187,17.551,3.6154,1.3898,5.6073,11.642,4.8594,605.55,3
0.47231,0.17151,0.23001,0.41413,7.4337,2.2657,1.4151,3.7656,4.3759,4.8909,528.83,3
0.55604,0.25369,0.23972,0.50367,14.282,3.2452,0.98775,5.1977,3.5448,4.8005,543.87,3
0.42781,0.1442,0.19985,0.37973,13.442,3.0817,0.8795,5.034,3.9917,5.0924,489.06,3
0.69942,0.417,0.27463,0.64575,26.327,4.3873,1.2915,6.6781,0.92771,4.705,665.13,3
0.55187,0.24328,0.25133,0.49323,13.287,2.9898,1.1667,5.6014,5.3649,4.8773,583.85,3
0.62179,0.31266,0.27638,0.55916,13.042,3.0921,1.221,4.8516,4.1418,4.9736,643.17,3
0.42117,0.13539,0.20748,0.36795,8.7935,2.4367,0.86775,4.4394,7.3191,5.0467,482.88,3
0.51109,0.19876,0.25297,0.44583,9.1769,2.4105,0.84255,4.9404,1.1065,4.8934,603.07,3
0.30738,0.066962,0.16744,0.25877,7.4772,2.1165,1.0199,4.4699,3.6696,5.2273,426.04,3
0.72678,0.43654,0.30831,0.66071,15.547,3.3728,1.6885,5.5143,14.444,4.9312,713.26,3
0.5313,0.22143,0.25012,0.47056,10.781,2.7732,2.5752,4.4156,2.6034,4.9926,614.23,3
0.47247,0.17239,0.22841,0.4152,8.8125,2.4356,1.5924,4.7159,4.9072,4.9294,543.66,3
0.46931,0.1691,0.22906,0.41121,8.2655,2.4087,1.5666,4.0158,6.9122,4.8924,548.78,3
0.65659,0.36793,0.25696,0.60657,28.179,4.6428,1.0189,6.4427,10.687,5.0309,600.71,3
0.74184,0.4673,0.29436,0.68359,21.114,4.0127,0.68458,6.264,7.6313,4.9998,673.28,3
0.53987,0.23351,0.24446,0.48323,13.232,3.009,1.0797,5.1007,-0.53222,4.7842,574.43,3
0.52057,0.21065,0.24895,0.45897,7.815,2.2944,1.0691,4.3648,3.8175,4.8318,575.91,3
0.91356,0.74161,0.31421,0.86117,26.131,4.6987,0.91845,6.3427,14.488,5.0654,723.73,3
0.7975,0.56447,0.27552,0.75131,27.875,4.7982,1.2315,6.7808,11.807,4.9305,628.97,3
0.65912,0.36121,0.27573,0.601,19.673,3.7918,0.70598,5.8463,4.2771,4.9761,636.31,3
0.53758,0.23509,0.23606,0.48486,17.704,3.5276,0.7744,5.7362,12.233,4.9652,549.43,3
0.38368,0.10911,0.19734,0.33032,5.5306,1.9204,0.98718,3.4724,5.9642,5.0126,470.04,3
0.58521,0.26987,0.2733,0.51949,14.167,3.0441,0.8734,5.2907,3.5299,4.9271,637.3,3
0.56377,0.27089,0.22146,0.52048,24.622,4.3524,0.62157,6.1182,15.649,5.0634,568.17,3
0.62423,0.32757,0.25423,0.57234,17.4,3.6598,0.70515,5.6588,10.048,4.9122,581.61,3
0.46838,0.17381,0.21661,0.4169,14.136,3.0585,0.81637,5.723,0.56645,4.8128,505.14,3
0.72514,0.45526,0.27222,0.67473,30.607,4.8438,1.4748,6.7563,-1.2754,4.7697,606.75,3
0.65484,0.35402,0.27847,0.595,20.36,3.7226,1.3394,6.427,2.4026,4.8013,644.24,3
0.62349,0.32021,0.26648,0.56587,13.942,3.2422,1.0993,4.8651,6.6118,4.9513,623.25,3
0.81921,0.56739,0.32881,0.75325,19.543,3.824,0.84915,6.082,7.6222,4.8318,759.37,3
0.41872,0.13736,0.19755,0.37063,11.515,2.8396,1.4136,4.5423,7.9572,4.981,489.41,3
0.57579,0.27652,0.23907,0.52586,18.534,3.6441,0.91081,6.2158,9.2694,4.8631,584.16,3
0.40757,0.12543,0.20411,0.35416,8.2481,2.3409,1.2361,4.5666,3.8604,4.9154,490.47,3
0.73327,0.47222,0.2629,0.68719,35.602,5.2622,1.2637,7.6523,16.384,5.0004,609.25,3
0.53025,0.22477,0.24112,0.4741,14.184,3.1266,1.1515,5.677,2.9861,5.0471,573.27,3
0.67988,0.39608,0.26312,0.62934,26.109,4.4201,1.1218,6.4828,-0.11228,4.8282,634.27,3
0.50765,0.20141,0.24056,0.44878,9.0856,2.5006,1.1035,4.5867,5.5002,4.8776,581.45,3
0.79821,0.54038,0.31772,0.73511,22.097,3.9997,0.83663,6.2337,9.2247,4.7367,754.8,3
0.59837,0.28239,0.279,0.53141,7.7187,2.3662,0.87633,3.9937,5.3731,4.7964,640.46,3
0.67068,0.37987,0.26997,0.61634,17.316,3.6104,0.69396,5.5516,17.145,4.9058,623.47,3
0.57976,0.26744,0.26599,0.51715,9.8172,2.634,0.86094,4.3862,4.8505,4.8137,654.42,3
0.61248,0.30822,0.26326,0.55517,18.159,3.5783,0.93707,5.8958,2.9047,4.8952,638.81,3
0.52005,0.2099,0.24934,0.45815,9.109,2.4819,0.85434,4.6601,0.13314,4.834,584.77,3
0.60954,0.30759,0.25755,0.55461,20.459,3.8716,0.96402,5.9013,8.5211,5.0836,618.73,3
0.65142,0.36173,0.25577,0.60144,22.611,4.1872,0.63629,5.8802,13.769,4.9584,616.32,3
0.5426,0.23223,0.25295,0.4819,11.771,2.7971,0.98862,5.366,2.2801,4.8938,584.46,3
0.59226,0.28968,0.25167,0.53822,20.04,3.7956,0.76022,6.3881,7.8691,5.0647,607.06,3
0.59053,0.27985,0.26655,0.52901,13.821,3.0636,0.74261,5.5429,0.1081,4.8916,616.75,3
0.71611,0.44677,0.26365,0.66841,32.093,5.0454,0.79107,6.653,3.9878,5.0767,605.69,3
0.73495,0.46035,0.28873,0.67849,24.971,4.3213,1.0606,6.5243,1.7372,4.9764,679.76,3
0.59476,0.29384,0.24934,0.54207,21.829,3.9375,0.90533,5.9387,2.1165,5.0144,591.71,3
0.60812,0.30188,0.2651,0.54943,16.678,3.365,0.75307,6.0817,0.09244,4.7808,628.9,3
0.42833,0.1486,0.18977,0.38549,17.925,3.5211,0.92749,6.1219,0.99417,4.9228,466.13,3
0.65811,0.36438,0.26749,0.60364,22.457,4.1402,0.84474,6.1076,5.9169,4.9998,594.63,3
0.50739,0.202,0.23878,0.44944,8.3527,2.4246,1.0496,4.4659,2.5979,4.8873,576.72,3
0.44959,0.16253,0.20215,0.40315,15.533,3.2646,0.67141,5.9167,3.2363,4.9512,500.12,3
0.60874,0.29883,0.27212,0.54665,10.553,2.7331,1.1256,4.9096,10.795,4.7299,600.17,3
0.54393,0.24341,0.23311,0.49336,17.394,3.5227,0.60883,5.5551,27.126,4.965,566.88,3
0.72457,0.444,0.29059,0.66633,28.088,4.5835,1.2002,6.3362,4.6037,4.9712,694.32,3
0.59896,0.30185,0.24339,0.54941,29.548,4.6978,1.2983,7.0276,8.6548,5.1314,576.13,3
0.39005,0.11658,0.19096,0.34143,14.926,3.1239,0.80584,5.5402,4.4811,5.1383,473.37,3
0.56691,0.26218,0.24746,0.51204,19.199,3.6052,0.8752,6.3131,4.2845,5.0391,586.73,3
0.90792,0.73702,0.30498,0.8585,35.69,5.4498,2.2232,7.0025,4.0545,5.1547,729.88,3
0.4645,0.16561,0.22679,0.40696,10.565,2.6242,1.2508,4.6913,7.0544,5.0844,564.91,3
0.56398,0.26101,0.24307,0.51089,16.007,3.3498,0.74693,5.9484,3.8217,4.9846,609.05,3
0.63049,0.33365,0.25778,0.57763,22.363,4.0339,1.0477,6.5423,7.1605,5.047,624.65,3
0.6315,0.33428,0.25904,0.57817,16.944,3.5864,0.84752,5.578,8.8115,4.9404,637.13,3
0.68845,0.39364,0.28876,0.6274,15.749,3.4354,0.60326,5.0568,7.8721,4.869,653.18,3
0.79448,0.55374,0.28591,0.74414,24.361,4.4951,1.2046,5.9276,13.402,4.8593,666.76,3
1.0365,0.95094,0.3617,0.97516,27.962,4.7716,1.4471,6.2748,3.6823,4.7662,803.1,3
0.56471,0.25684,0.25307,0.50679,10.516,2.775,1.3254,4.5196,4.5049,4.896,569.28,3
0.77437,0.50563,0.31295,0.71108,21.981,4.0022,0.8921,6.2208,12.812,4.9196,694.47,3
0.444,0.15498,0.20824,0.39367,8.9578,2.5505,0.82289,4.3152,6.3176,4.8,492.56,3
0.58571,0.27907,0.25719,0.52827,14.412,3.232,0.97921,5.1914,4.5184,4.9217,622.14,3
0.86134,0.64992,0.3115,0.80618,31.332,5.0199,0.96848,6.8146,2.432,5.0167,729.31,3
0.6383,0.35298,0.23913,0.59412,31.001,4.9816,1.1374,6.8654,9.9345,5.0425,600.38,3
0.65649,0.37239,0.24795,0.61024,31.039,4.9307,1.4073,7.0398,9.6131,5.078,585.31,3
0.45989,0.16423,0.22031,0.40525,10.667,2.7207,1.0799,4.4691,4.4495,4.9604,509.77,3
0.33805,0.084387,0.17478,0.29049,9.6135,2.4717,1.0275,4.6603,3.2624,5.1692,424.14,3
0.60135,0.29435,0.26372,0.54254,14.194,3.2557,0.69831,4.8195,5.8711,5.102,619.49,3
0.71797,0.43493,0.2897,0.65949,17.331,3.6405,0.83095,5.3209,14.72,4.8903,669,3
0.64019,0.33491,0.27846,0.57871,15.956,3.3236,1.0186,5.6121,-0.30545,4.8005,662.69,3
0.46493,0.16949,0.21903,0.4117,9.5259,2.5532,1.1201,4.4714,0.5773,4.9133,511.32,3
0.60085,0.29939,0.25288,0.54717,18.996,3.7087,1.1489,5.8054,15.043,4.9708,591.6,3
0.57391,0.26309,0.26139,0.51292,12.083,2.8493,1.2839,5.3883,-1.2587,4.8735,597.03,3
0.4849,0.17811,0.24167,0.42203,6.6914,2.1359,0.78165,3.8644,3.372,4.9498,572.47,3
0.58122,0.27105,0.26243,0.52063,10.651,2.8033,1.2682,4.3833,5.5705,4.8412,665.78,3
0.61084,0.31174,0.2526,0.55833,18.895,3.813,0.96665,5.3006,5.8777,5.0847,604.63,3
0.53177,0.22171,0.25058,0.47086,9.668,2.5842,0.82102,4.7489,2.9368,4.8264,588.01,3
0.45893,0.17047,0.20363,0.41288,23.34,4.0389,0.81953,6.3432,4.3069,5.1149,467.49,3
0.4052,0.12615,0.19753,0.35517,8.3055,2.4167,1.2397,4.0082,6.266,4.9455,466.31,3
0.42755,0.14168,0.20547,0.3764,11.955,2.8177,1.133,5.3295,-0.18848,4.975,472.32,3
0.5755,0.27218,0.24725,0.52171,17.188,3.4846,0.79698,5.5423,0.39838,4.8732,580.22,3
0.58891,0.28597,0.25112,0.53477,20.072,3.7199,0.64701,6.2871,2.8406,4.8174,566.42,3
0.66468,0.37275,0.26823,0.61053,19.299,3.8159,1.6944,5.8467,-0.05185,4.7612,629.34,3
0.58917,0.28176,0.25988,0.53082,15.168,3.2457,2.0151,5.5492,1.8596,4.8369,601.99,3
0.57491,0.25993,0.26946,0.50983,11.819,2.7279,2.7989,5.4902,-1.6012,4.7051,648.29,3
0.68738,0.40662,0.26272,0.63767,28.291,4.6337,2.6659,6.5051,-5.3737,4.914,607.08,3
0.46499,0.16656,0.22573,0.40811,10.252,2.5827,1.4497,5.0788,5.208,4.9438,558.35,3
0.77824,0.53352,0.27618,0.73042,35.584,5.3905,0.85867,6.8204,0.7105,5.0997,648.64,3
0.47964,0.17615,0.23511,0.4197,7.6222,2.2702,0.77998,4.4187,2.1165,4.9368,540.86,3
0.65424,0.35525,0.27483,0.59603,16.424,3.5609,0.93006,5.1923,4.4633,5.1952,673.7,3
0.52879,0.22234,0.24291,0.47153,11.25,2.8,1.1127,4.8241,1.4005,4.8531,574.51,3
0.57668,0.27244,0.24947,0.52196,16.546,3.505,1.5259,5.3334,4.4933,5.1255,591.24,3
0.6029,0.30167,0.2533,0.54925,19.882,3.7918,1.3199,6.3,0.87913,4.9925,599.29,3
0.41937,0.13573,0.20295,0.36842,10.424,2.609,1.5556,4.9535,4.9396,4.8848,474.7,3
0.55281,0.25251,0.2346,0.50251,13.471,3.163,1.3823,5.3305,13.347,4.8034,564.46,3
0.57361,0.26525,0.25659,0.51502,12.624,3.0471,0.97049,4.8311,5.7357,4.9017,579.17,3
0.49118,0.18484,0.24052,0.42993,7.6772,2.2902,1.1435,4.033,3.8742,4.8426,573.35,3
0.64342,0.34731,0.26339,0.58933,19.791,3.882,0.97011,5.733,6.0913,5.0424,662.1,3
0.77009,0.50695,0.30002,0.712,24.97,4.3519,1.4646,6.286,11.046,4.939,702.36,3
0.52176,0.21299,0.24676,0.46151,9.4123,2.5427,1.6298,4.8308,3.4029,4.7957,607.55,3
0.49376,0.19016,0.23476,0.43608,9.4684,2.544,0.71725,4.4784,6.6327,4.9332,546.36,3
0.54374,0.23526,0.24944,0.48503,11.836,2.8441,0.92789,5.0872,6.1198,4.6834,600.26,3
0.50046,0.20167,0.2244,0.44908,12.717,3.032,1.0506,4.8571,8.1025,4.8912,513.63,3
0.56145,0.25638,0.24664,0.50634,14.109,3.1863,1.8139,5.1864,1.0855,4.8343,562.06,3
0.54094,0.22783,0.25798,0.47732,10.391,2.6089,0.97014,5.1392,2.4157,4.9631,621.53,3
0.53945,0.23339,0.24377,0.48311,10.63,2.7582,1.355,4.4885,5.3106,4.8238,580.16,3
0.71727,0.43235,0.29236,0.65754,25.298,4.2531,1.0175,6.6355,4.3828,4.8847,679.31,3
0.42663,0.13344,0.22271,0.3653,5.5581,1.9003,0.75462,3.7024,3.3132,5.0384,537.84,3
0.55777,0.25349,0.24409,0.50348,22.005,3.8817,1.241,6.5845,1.4831,4.9747,604.84,3
0.59521,0.30047,0.23694,0.54815,22.559,4.2117,1.0624,5.7563,3.8975,4.9724,579.47,3
0.43828,0.14925,0.20975,0.38633,14.181,3.0779,1.4844,5.4621,1.8439,5.1196,514.17,3
0.62167,0.31352,0.27458,0.55992,12.736,2.9684,0.72977,5.5418,0.8992,4.8379,619.75,3
0.53237,0.22892,0.23721,0.47846,13.528,3.1097,0.73661,5.0321,5.9246,4.9708,549.91,3
0.64996,0.35469,0.26553,0.59555,19.016,3.79,0.92051,5.6347,11.983,4.9596,613.72,3
0.52127,0.21543,0.24075,0.46414,8.9797,2.5321,0.74018,4.4012,5.5261,4.7102,566.33,3
0.53604,0.22736,0.24846,0.47683,10.903,2.7699,1.1094,4.8453,0.70769,4.9774,590.32,3
0.52329,0.2143,0.24739,0.46292,8.7911,2.4683,1.3762,4.5149,2.1234,4.9114,599.09,3
0.8527,0.64224,0.29974,0.8014,32.612,5.1037,1.9193,7.002,8.3113,4.7157,698.97,3
0.7325,0.44816,0.30309,0.66945,17.769,3.6307,1.5514,5.4296,15.376,4.9653,682.69,3
0.5744,0.26281,0.26299,0.51265,10.15,2.7263,1.4244,4.3046,5.3322,4.9901,585.35,3
0.37912,0.11207,0.18037,0.33477,10.871,2.7581,1.0128,4.9379,-0.54023,4.9648,443.82,3
0.60657,0.31358,0.23828,0.55998,27.583,4.5581,1.3684,6.8698,3.7291,5.0405,561.15,3
0.65174,0.36686,0.24648,0.60569,29.083,4.6778,0.90587,7.1562,5.0239,4.7459,620.8,3
0.51415,0.20727,0.24225,0.45527,9.5345,2.587,1.6376,4.4905,5.5391,4.9083,614.16,3
0.4529,0.15868,0.21832,0.39835,9.7469,2.5285,1.8245,4.6373,2.7829,4.9716,507.38,3
0.39806,0.12324,0.19019,0.35105,10.923,2.699,1.4773,4.9545,4.2575,4.9096,488.13,3
0.43079,0.14114,0.21338,0.37569,7.3824,2.2603,1.1593,3.9505,5.2967,4.9468,515.45,3
0.60794,0.29856,0.27082,0.54641,12.448,2.9643,1.3415,4.9257,13.609,4.7768,662.46,3
0.6148,0.31711,0.25165,0.56313,23.23,4.166,0.917,6.262,3.101,5.0281,586.99,3
0.47083,0.17352,0.22249,0.41656,8.85,2.4985,1.5932,4.4883,2.491,5.008,560.98,3
0.61983,0.31643,0.26497,0.56252,19.226,3.7502,0.94245,6.1434,4.6597,5.0257,652.67,3
0.47407,0.17709,0.22143,0.42082,9.87,2.6327,1.0912,4.8402,3.0724,4.9434,552.98,3
0.69889,0.41119,0.28362,0.64124,19.323,3.8537,1.3669,5.6221,6.1826,4.8401,650.83,3
0.48365,0.19337,0.20505,0.43974,21.546,3.9327,0.79945,6.2288,3.0606,4.9545,490.3,3
0.52899,0.22697,0.23372,0.47641,16.442,3.4164,0.75177,5.541,5.9201,4.8657,533.68,3
0.49701,0.19674,0.2276,0.44356,19.061,3.5448,1.1608,6.307,2.5234,5.0226,528.98,3
0.77482,0.51864,0.29278,0.72017,23.324,4.3093,1.2848,6.0605,18.217,4.9068,661.73,3
0.73315,0.46298,0.2795,0.68043,25.853,4.4977,1.748,6.3976,10.774,5.0025,644.09,3
0.7135,0.42634,0.29333,0.65295,22.761,4.1007,1.2281,6.2757,4.345,5.0367,683.04,3
0.40625,0.12438,0.20401,0.35268,8.5266,2.3357,0.77764,4.4591,1.2567,5.0888,465.5,3
0.55355,0.24918,0.24326,0.49918,17.62,3.5241,1.1971,5.722,0.012468,4.9976,584.13,3
0.75557,0.48248,0.30355,0.69461,22.924,4.1682,0.71539,6.1385,3.7907,5.0108,696.99,3
0.47828,0.18296,0.21729,0.42774,12.858,3.0292,1.1726,5.2231,5.8387,4.982,526.6,3
0.41797,0.13422,0.20376,0.36637,6.9201,2.1851,1.5773,4.096,4.1169,4.8264,492.79,3
0.47965,0.17909,0.22883,0.42318,7.8573,2.3522,0.87805,4.3255,2.6766,4.8995,555.81,3
0.5119,0.20961,0.23252,0.45783,14.96,3.1881,0.8392,5.6533,3.1545,4.9375,580.01,3
0.75141,0.47936,0.2983,0.69235,18.805,3.8364,0.62819,5.7184,6.6998,4.8619,717.45,3
0.51557,0.21202,0.23545,0.46046,14.246,3.1221,1.1067,5.5853,3.204,5.0246,611.82,3
0.58664,0.29317,0.23077,0.54145,23.835,4.2116,1.2236,6.6151,8.769,4.8857,551.04,3
0.61307,0.30531,0.27002,0.55255,18.847,3.6504,0.94784,6.1098,4.034,5.1122,632.72,3
0.5134,0.20793,0.23928,0.456,13.579,2.987,0.83524,5.6898,4.6133,4.9491,547.68,3
0.50523,0.20048,0.23735,0.44775,10.266,2.6678,0.69301,4.4647,2.2624,4.938,551.11,3
0.42841,0.1433,0.20334,0.37855,9.5076,2.5978,1.0796,4.7113,3.9794,4.9125,501.06,3
0.58036,0.27448,0.2539,0.52391,19.622,3.6972,0.59366,6.2853,2.8679,4.907,627.73,3
0.59901,0.29524,0.25664,0.54336,20.984,3.8544,0.77279,6.4276,4.2832,5.0659,600.53,3
0.46221,0.16656,0.21992,0.40812,11.437,2.7299,1.2085,5.2664,0.70669,4.9925,537.93,3
0.51458,0.20963,0.23831,0.45786,12.473,2.8852,1.0901,5.4498,1.7349,4.9574,624.17,3
0.86942,0.659,0.31938,0.81179,27.256,4.6196,0.80224,6.854,3.985,4.8633,708,3
0.93037,0.76926,0.31984,0.87707,35.033,5.2939,1.2436,7.4635,1.3733,5.1003,722.42,3
0.7687,0.50303,0.30294,0.70925,18.402,3.7844,0.97771,5.5426,7.9485,4.7928,739.7,3
0.54325,0.24412,0.22999,0.49408,23.433,4.1043,0.71018,6.6095,-5.8966,5.1632,552.83,3
0.48732,0.19152,0.21782,0.43763,20.648,3.749,0.78111,6.3269,15.743,5.0883,544.52,3
0.49479,0.18642,0.24463,0.43176,6.1562,2.0576,1.2104,3.6296,3.0343,4.7343,626.06,3
0.52692,0.21896,0.24572,0.46793,11.06,2.7734,1.2362,4.8372,5.9903,4.9574,599.06,3
0.59927,0.27836,0.28795,0.5276,7.6769,2.3318,0.80318,4.0206,6.4966,4.8115,678.7,3
0.57464,0.27822,0.2327,0.52747,25.116,4.2947,1.1039,6.8613,2.8462,5.0432,566.86,3
0.44169,0.15052,0.21386,0.38797,9.3756,2.5109,0.96926,4.6276,0.39606,4.9818,534.95,3
0.70874,0.42072,0.2913,0.64863,16.42,3.5011,0.99707,5.4096,11.673,4.8733,646.46,3
0.65027,0.35646,0.26299,0.59704,21.207,3.9365,0.78652,6.0532,3.532,4.8088,607.89,3
0.60181,0.29016,0.27251,0.53866,12.885,2.9755,1.2309,4.9723,4.5687,4.7471,641.6,3
0.43809,0.14641,0.21597,0.38264,9.0502,2.4193,1.3942,4.6087,4.188,5.0402,526.3,3
0.48112,0.1816,0.22645,0.42615,10.491,2.6797,0.9859,4.732,2.1872,4.841,556.71,3
0.55425,0.25061,0.24191,0.50061,15.595,3.346,1.4164,5.4966,6.3719,4.8421,562.59,3
0.71955,0.4397,0.28542,0.6631,20.82,4.041,1.8065,5.6998,4.8444,5.0368,667.81,3
0.50958,0.20673,0.23355,0.45467,15.673,3.2611,1.0561,5.5452,-5.0715,4.874,549.77,3
0.61056,0.301,0.27225,0.54863,11.546,2.8365,0.94896,5.2296,4.8317,4.845,659.06,3
0.80093,0.56208,0.28942,0.74972,24.312,4.4246,1.3798,6.4455,12.532,4.8751,675.2,3
0.5293,0.22505,0.23845,0.47439,12.566,2.9975,1.118,4.7941,3.1884,4.881,574.7,3
0.86811,0.66551,0.30539,0.81579,29.642,4.852,1.5729,6.8849,26.402,4.8961,678.98,3
0.91854,0.74043,0.3302,0.86048,26.604,4.6476,1.37,6.4536,13.328,5.0959,787.76,3
0.64165,0.34584,0.26183,0.58808,26.494,4.4123,1.3222,6.6538,3.4036,5.1384,653.18,3
0.42492,0.13938,0.20558,0.37333,9.803,2.5881,0.67194,4.5815,5.0999,4.9963,485.4,3
0.63749,0.32627,0.28749,0.5712,16.215,3.261,0.87649,5.8449,-0.22606,4.923,668.54,3
0.87245,0.66005,0.32593,0.81243,24.883,4.3901,1.18,6.3084,-4.5435,4.9243,763.08,3
0.79213,0.53911,0.3042,0.73424,20.604,4.034,0.86433,5.9007,16.824,4.8536,699.22,3
0.53469,0.22844,0.24336,0.47795,11.862,2.892,0.87951,5.0772,7.3896,4.7568,578.59,3
0.66951,0.37815,0.27023,0.61494,23.778,4.2662,1.2027,6.0139,3.7263,4.9302,629.17,3
0.61647,0.30711,0.27442,0.55417,13.424,3.0854,1.1873,4.9843,4.5797,4.8368,633.07,3
0.6617,0.37255,0.26111,0.61037,22.336,4.2214,0.90733,5.7874,3.9516,5.1029,649.58,3
0.42308,0.144,0.19005,0.37947,17.508,3.4514,0.97429,6.0849,0.3656,4.9307,448.51,3
0.43927,0.15252,0.20402,0.39054,13.621,3.0815,0.72625,5.477,4.1239,5.0684,497.03,3
0.50424,0.1982,0.23999,0.44519,10.669,2.6751,0.67692,4.9885,3.9206,4.9959,577.15,3
0.75525,0.50087,0.27094,0.70772,30.24,4.8787,1.5236,6.5426,11.05,4.8541,634.65,3
0.66265,0.37407,0.26066,0.61161,27.095,4.5147,0.86358,6.3345,-1.5656,4.9397,592.22,3
0.89465,0.70739,0.31383,0.84107,32.531,5.0752,0.76945,6.9485,8.7284,4.9284,734.8,3
0.51225,0.21312,0.22569,0.46164,20.964,3.8222,0.83107,6.4284,1.7323,5.0488,528.16,3
0.52564,0.22307,0.23443,0.4723,15.297,3.2611,1.1585,5.6443,-0.38972,5.016,554.09,3
0.58178,0.28265,0.24087,0.53165,18.278,3.6491,0.96528,5.5741,4.0358,4.88,558.63,3
0.43394,0.147,0.20601,0.38341,10.537,2.6878,0.92513,4.7243,3.5178,4.9078,519.95,3
0.60938,0.30936,0.25374,0.55621,20.485,3.8581,1.0411,5.9383,4.0042,4.9914,575.15,3
0.69011,0.40158,0.2789,0.63371,24.303,4.1611,1.4838,6.7088,-1.9518,4.8423,620.96,3
0.47273,0.17719,0.2183,0.42094,13.3,2.9823,1.1824,5.1277,2.9215,4.9116,490.88,3
0.50089,0.20468,0.21862,0.45242,18.745,3.6358,1.2361,6.0302,-0.062598,4.9832,537.51,3
0.56263,0.24677,0.26776,0.49676,10.315,2.5977,1.0189,5.0673,3.7045,4.8351,586.88,3
0.67041,0.37367,0.2805,0.61129,23.141,4.0689,0.61103,6.0587,3.7887,4.9156,629.63,3
0.4466,0.1529,0.21849,0.39102,8.1463,2.3879,0.58878,4.051,4.3703,5.0483,517.31,3
0.59108,0.28699,0.25418,0.53572,15.897,3.4359,0.89431,5.1674,5.0059,4.9433,590.55,3
0.99934,0.91531,0.30076,0.95672,47.236,6.3301,1.0516,8.35,-5.4929,5.0304,698.98,4
0.80537,0.56956,0.28893,0.75469,34.427,5.2183,0.7525,7.5133,4.5546,4.9164,719.24,4
0.86174,0.65996,0.29622,0.81238,39.908,5.6855,0.86998,7.868,-5.2309,5.0512,733.98,4
0.755,0.4979,0.27565,0.70562,32.017,5.0562,1.3015,7.3498,6.4235,5.0974,676.58,4
0.65951,0.3741,0.25249,0.61163,35.454,5.2032,1.2214,7.603,2.333,5.0953,602.43,4
0.68677,0.40913,0.25629,0.63963,37.416,5.4628,1.0462,7.6525,9.1352,5.2243,603.28,4
0.92306,0.75357,0.32298,0.86808,31.146,4.9223,1.1448,7.3838,-2.0126,4.7719,743.99,4
0.89896,0.72268,0.30174,0.85011,32.35,5.097,0.89572,7.4054,3.3097,4.8826,697.5,4
0.70781,0.43731,0.25899,0.6613,36.409,5.3029,0.71634,7.6961,21.349,5.0236,646.48,4
1.0784,1.0577,0.3367,1.0285,39.629,5.7451,0.89938,7.8897,-2.2134,5.2257,822.52,4
0.85353,0.66051,0.2704,0.81272,35.16,5.4278,1.014,7.5304,4.3784,5.0331,627.14,4
0.73281,0.46705,0.27125,0.68341,35.205,5.2365,1.2255,7.5733,0.16499,5.1275,641.71,4
0.9271,0.76992,0.30912,0.87745,45.704,6.0776,1.4444,8.2948,-1.4757,4.9924,712.14,4
0.81226,0.6003,0.25321,0.77479,48.488,6.368,1.0179,8.395,-5.7678,4.9833,644.06,4
0.86003,0.66864,0.27603,0.8177,46.928,6.2603,0.61423,8.3003,-1.5139,5.0355,649.72,4
0.81933,0.61002,0.25691,0.78104,43.195,6.0011,1.0695,8.0722,-4.8816,5.0246,686.53,4
0.65154,0.37101,0.23743,0.6091,40.807,5.6966,1.0944,7.9435,0.45699,5.0747,566.26,4
0.84826,0.64427,0.28332,0.80267,43.196,5.9507,1.08,8.0922,20.135,4.9839,652.7,4
0.82836,0.6082,0.28758,0.77987,39.151,5.5633,1.0061,7.894,-1.6072,5.0133,701.91,4
0.81847,0.58709,0.29555,0.76622,36.063,5.3625,0.99559,7.5653,-0.73407,5.0487,684.65,4
0.93431,0.78713,0.30315,0.8872,38.056,5.5468,1.1073,7.8258,4.6749,4.9493,734.6,4
0.90046,0.72818,0.29714,0.85333,40.19,5.7143,1.4172,7.9472,2.8014,5.161,750.84,4
0.80623,0.58783,0.25833,0.7667,43.554,6.0402,0.96131,8.0923,-4.7328,5.1165,648.34,4
1.0388,0.99138,0.30875,0.99568,41.703,5.9419,1.247,8.0027,-4.6097,5.1397,728.07,4
0.82259,0.59441,0.2947,0.77098,37.217,5.4482,1.1223,7.6608,-5.4264,4.9635,690.24,4
0.81174,0.57997,0.28888,0.76155,33.755,5.2194,1.6555,7.2116,20.137,4.9722,667.24,4
0.63985,0.34784,0.25352,0.58978,26.613,4.4,1.2161,7.048,0.70645,4.8976,622.64,4
0.70409,0.43081,0.26129,0.65636,29.814,4.8126,1.1842,7.2134,2.4208,5.1126,672.57,4
0.83406,0.61779,0.28748,0.786,36.673,5.4066,0.75652,7.7136,8.0836,5.0095,720.7,4
0.80212,0.56596,0.28605,0.7523,33.425,5.1984,1.4257,7.0765,10.666,5.0336,767.16,4
0.79977,0.56776,0.27616,0.7535,43.087,5.8928,1.3052,8.0909,6.5414,5.1213,667.13,4
0.8514,0.62412,0.32496,0.79001,20.33,3.9909,1.3114,6.1632,2.5467,4.8717,805.98,4
0.84705,0.62125,0.31789,0.7882,27.845,4.5841,1.1807,7.0576,2.2996,4.8878,749.68,4
0.73174,0.46147,0.27847,0.67931,29.333,4.6714,1.0778,7.2076,3.423,4.9206,657.15,4
1.0549,1.0089,0.33418,1.0044,39.689,5.6673,0.87421,7.9582,22.274,4.8528,777.07,4
0.71356,0.44277,0.26424,0.66541,37.472,5.3665,1.2306,7.7782,0.92856,5.0714,639.56,4
0.53153,0.24616,0.19564,0.49614,43.11,5.8336,1.0455,8.0844,-1.6084,5.0933,476.7,4
0.64023,0.35687,0.2362,0.59739,36.708,5.3605,0.65937,7.7039,3.7771,5.1687,569.55,4
1.0221,0.93387,0.34359,0.96637,39.298,5.5975,1.3007,7.9086,22.094,4.8213,817.63,4
0.5739,0.27654,0.23444,0.52587,28.224,4.4967,0.97559,7.0928,1.8741,5.0239,574.77,4
0.53592,0.23697,0.22821,0.48679,27.536,4.4876,1.286,6.5764,2.1892,5.0857,577.36,4
0.61177,0.31347,0.25145,0.55988,22.712,4.1136,1.2826,6.4926,8.0678,5.1291,596.7,4
0.93762,0.78882,0.31054,0.88815,44.256,5.9868,1.9779,8.2036,-1.6219,5.0834,718.51,4
1.024,0.95444,0.31868,0.97695,39.875,5.7461,1.6627,7.9275,5.7516,5.0778,731.84,4
0.87393,0.7005,0.26207,0.83696,49.469,6.4875,0.94328,8.4688,-5.197,5.0355,635.21,4
0.94121,0.7776,0.33811,0.88181,25.705,4.471,1.0865,6.8835,7.7687,4.9224,789.85,4
1.16,1.2413,0.33736,1.1142,41.575,5.9723,1.3898,7.8223,-4.8951,4.9996,794.46,4
0.85264,0.63258,0.31516,0.79535,19.942,3.9871,1.4151,6.1635,7.6263,4.9864,723.05,4
0.80793,0.58169,0.2749,0.76269,39.591,5.656,0.98775,7.8883,-5.6892,5.0069,657.43,4
0.97175,0.86011,0.30142,0.92742,44.286,6.084,0.8795,8.1776,-5.4678,4.9147,726.45,4
0.62729,0.32878,0.25935,0.57339,21.037,3.8496,1.2915,6.5045,3.5476,4.8282,642.95,4
0.64193,0.343,0.26781,0.58567,21.629,3.9276,1.1667,6.5319,2.1657,4.9619,626.48,4
1.057,1.0177,0.32762,1.0088,41.507,5.9099,1.221,7.8396,8.6039,4.9535,778.16,4
0.89995,0.73038,0.29189,0.85462,42.832,5.9254,0.86775,8.1054,-5.471,5.0409,718.39,4
0.86307,0.66523,0.29122,0.81562,38.653,5.5386,0.84255,7.8669,4.5164,5.0449,691.84,4
1.0779,1.0616,0.32927,1.0303,43.219,6.0311,1.0199,8.0596,24.667,4.9388,815.46,4
0.9116,0.74609,0.30119,0.86376,39.12,5.5714,1.6885,7.9272,-5.4767,4.7788,683.63,4
0.99874,0.89707,0.32766,0.94714,35.985,5.3721,2.5752,7.6807,7.4937,4.7612,751.88,4
0.77605,0.52415,0.28665,0.72398,34.193,5.0476,1.5924,7.6177,3.8259,4.8208,675.16,4
0.83075,0.59566,0.31479,0.77179,21.964,4.0528,1.5666,6.6465,1.6429,4.9622,717.44,4
0.88835,0.70017,0.30728,0.83676,35.563,5.3263,1.0189,7.6265,-4.8803,5.0344,696.83,4
0.77922,0.5468,0.25421,0.73946,42.302,5.8724,0.68458,8.0861,-5.3902,5.0708,608.16,4
0.76601,0.51913,0.2677,0.72051,39.58,5.5873,1.0797,7.9106,-1.0584,4.9501,665.51,4
0.77209,0.52776,0.26916,0.72647,36.87,5.3957,1.0691,7.7285,7.7208,4.8469,614.53,4
0.72683,0.46553,0.2576,0.6823,38.433,5.4708,0.91845,7.8722,4.6434,4.9801,596.1,4
0.6831,0.40989,0.24478,0.64022,36.851,5.3143,1.2315,7.7917,6.2477,4.9367,593.94,4
0.8163,0.57437,0.31052,0.75787,28.481,4.5443,0.70598,7.2311,2.283,4.85,749.12,4
1.0976,1.0889,0.35247,1.0435,36.719,5.4517,0.7744,7.7551,-4.707,4.9488,848.18,4
1.1332,1.1937,0.31596,1.0926,50.737,6.6124,0.98718,8.5712,21.657,5.0645,706.32,4
0.97584,0.86905,0.29992,0.93223,44.58,6.1048,0.8734,8.2068,-5.2456,5.0309,693.86,4
0.7691,0.51591,0.28213,0.71827,34.283,5.1171,0.62157,7.5609,-0.95819,4.9619,654.91,4
0.88172,0.69098,0.30298,0.83125,38.722,5.505,0.70515,7.9124,5.5376,4.889,695.8,4
0.95418,0.81061,0.32577,0.90034,32.009,5.0373,0.81637,7.3062,9.1166,4.7412,764.98,4
1.1865,1.2998,0.34353,1.1401,47.999,6.3868,1.4748,8.4211,-5.5723,5.0964,792.53,4
0.77602,0.52528,0.28461,0.72476,37.008,5.3191,1.3394,7.7771,-0.78033,4.9406,657.21,4
0.79833,0.56573,0.27568,0.75215,41.289,5.7427,1.0993,8.0077,-2.8837,5.0317,669.18,4
0.74101,0.47676,0.27575,0.69048,38.221,5.4201,0.84915,7.8179,-1.9521,5.0191,639.44,4
1.0733,1.0465,0.33716,1.023,45.462,6.1089,1.4136,8.2985,19.891,4.9572,787.73,4
0.70109,0.42087,0.27189,0.64875,22.868,4.1065,0.91081,6.7111,1.5878,4.9805,621.07,4
0.97912,0.84476,0.3471,0.91911,32.876,5.0839,1.2361,7.4194,20.568,4.928,771.22,4
0.63243,0.34134,0.24754,0.58424,31.982,4.8292,1.2637,7.4585,3.5102,4.9199,606.72,4
0.87673,0.67659,0.31195,0.82255,34.899,5.1812,1.1515,7.6265,3.3854,4.8704,728.16,4
1.3458,1.6706,0.39196,1.2925,44.328,6.1206,1.1218,8.1583,21.004,4.9049,902.54,4
0.83469,0.62902,0.26937,0.79311,41.101,5.7941,1.1035,8.0009,-4.9736,4.9013,648.06,4
0.97718,0.87931,0.28704,0.93771,46.2,6.3116,0.83663,8.2209,-1.4865,5.1201,662.68,4
0.83519,0.62361,0.28066,0.78969,40.382,5.604,0.87633,8.0403,18.817,4.8249,678.78,4
1.0818,1.076,0.32058,1.0373,43.928,6.0759,0.69396,8.1869,-4.9269,5.0674,723.14,4
1.0277,0.9523,0.33351,0.97586,41.596,5.7913,0.86094,8.0582,-4.9182,4.9137,775.67,4
0.90943,0.7348,0.31298,0.85721,38.907,5.5006,0.93707,7.9118,-1.3948,4.8525,768.73,4
0.89083,0.72191,0.27797,0.84965,45.679,6.1277,0.85434,8.3128,-5.3415,4.8847,670.54,4
0.80637,0.56308,0.3025,0.75039,33.044,5.0443,0.96402,7.4227,6.7436,5.0605,664.75,4
0.73474,0.46435,0.28123,0.68144,31.891,4.8649,0.63629,7.3953,1.7433,4.9525,650.7,4
0.63258,0.33023,0.26923,0.57465,21.596,3.8637,0.98862,6.5449,22.189,4.8008,638.97,4
0.72575,0.44188,0.29708,0.66474,22.503,3.989,0.76022,6.6791,1.7536,4.894,669.49,4
0.71105,0.43818,0.26609,0.66195,33.185,5.067,0.74261,7.4462,8.0431,4.9473,649.76,4
0.65038,0.35095,0.27342,0.59241,21.73,3.9615,0.79107,6.5179,5.49,5.119,645.52,4
0.98184,0.85606,0.33851,0.92523,33.545,5.134,1.0606,7.4916,8.889,4.8363,755.75,4
0.89709,0.721,0.29894,0.84912,40.845,5.7881,0.90533,7.9439,20.764,5.0233,700.41,4
0.85402,0.64577,0.29765,0.8036,39.063,5.5444,0.75307,7.8976,6.0918,4.9905,715.89,4
0.70643,0.42495,0.27819,0.65188,28.502,4.5673,0.92749,7.1545,0.20864,5.0112,662.84,4
0.78032,0.5334,0.28218,0.73034,37.354,5.3872,0.84474,7.7678,-5.1803,5.0511,644.98,4
0.7172,0.45302,0.2547,0.67307,35.712,5.3087,1.0496,7.576,-2.4666,4.9508,625.43,4
0.78002,0.53155,0.28462,0.72907,37.515,5.3672,0.67141,7.8046,0.77409,5.1132,689.65,4
1.0626,1.0307,0.32613,1.0152,46.218,6.1629,1.1256,8.3594,-5.5575,4.97,745.88,4
0.75294,0.48493,0.29284,0.69637,27.838,4.5536,0.60883,7.0262,3.5953,4.9584,665.05,4
0.85179,0.63747,0.305,0.79842,34.054,5.1899,1.2002,7.4864,8.2428,5.0881,711.68,4
1.3373,1.6593,0.37691,1.2881,48.462,6.4394,1.2983,8.433,7.2575,4.972,857.25,4
0.85806,0.66314,0.27977,0.81433,42.527,5.9163,0.80584,8.064,-5.3083,4.9738,668.45,4
0.6725,0.39216,0.25125,0.62623,36.537,5.3127,0.8752,7.6751,8.2436,5.0196,657.87,4
0.96443,0.82832,0.32897,0.91012,35.134,5.2509,2.2232,7.6551,21.227,4.8884,752.4,4
0.92665,0.77654,0.29693,0.88121,47.893,6.2782,1.2508,8.4134,2.5192,5.0829,718.16,4
1.0992,1.1165,0.31697,1.0566,49.187,6.4526,0.74693,8.5055,-5.7861,5.0149,731.9,4
0.98342,0.87711,0.31114,0.93654,47.157,6.2447,1.0477,8.3512,-5.7567,4.9871,744.53,4
0.89005,0.71756,0.28319,0.84709,42.529,5.9403,0.84752,8.0427,22.078,5.0504,681.15,4
1.0514,1.0105,0.32062,1.0052,49.374,6.437,0.60326,8.4917,1.6204,5.0475,744.85,4
0.8478,0.64685,0.27736,0.80427,39.444,5.6781,1.2046,7.9105,7.0247,5.0216,681.89,4
1.2385,1.4367,0.32895,1.1986,52.629,6.7824,1.4471,8.6739,-5.601,5.1701,774.03,4
1.0608,1.0345,0.31436,1.0171,44.006,6.1349,1.3254,8.134,21.068,5.1167,741.78,4
1.2759,1.5198,0.34635,1.2328,49.18,6.55,0.8921,8.4468,-5.4048,5.1082,811.69,4
0.63248,0.35084,0.22784,0.59232,36.506,5.4499,0.82289,7.5172,9.2752,5.0061,524.33,4
0.92908,0.78239,0.29471,0.88453,35.87,5.4672,0.97921,7.5952,6.8525,5.1515,687.25,4
1.0804,1.0783,0.31215,1.0384,48.335,6.4366,0.96848,8.4154,6.7374,5.0379,776.06,4
0.76236,0.52037,0.25467,0.72137,43.201,5.9162,1.1374,8.1478,-1.6581,5.0829,614.19,4
0.86645,0.6769,0.28122,0.82274,44.239,5.9904,1.4073,8.2121,6.5346,4.966,680.73,4
0.81496,0.59029,0.28007,0.76831,38.519,5.5344,1.0799,7.8379,21.315,4.9885,651.74,4
0.71763,0.45143,0.25897,0.67189,38.521,5.4958,1.0275,7.8317,-5.5863,5.0963,588.87,4
0.70327,0.42258,0.27437,0.65006,33.247,4.9784,0.69831,7.5005,0.46145,4.9519,638.78,4
0.82202,0.6067,0.27152,0.77891,41.704,5.8504,0.83095,7.9792,-1.7949,5.1132,625.45,4
0.7868,0.55521,0.26106,0.74512,37.091,5.4768,1.0186,7.6871,-3.1082,4.8346,618.04,4
0.61291,0.31373,0.25369,0.56012,24.419,4.2088,1.1201,6.7339,7.4214,4.9125,578.77,4
0.6281,0.33802,0.24313,0.5814,33.686,5.0103,1.1489,7.5396,-0.020684,5.0959,568.6,4
0.77442,0.52415,0.2822,0.72398,33.718,5.1257,1.2839,7.3663,22.969,4.9684,656.54,4
0.68007,0.38187,0.2891,0.61796,16.63,3.5223,0.78165,5.5003,4.1901,4.9637,645.46,4
0.70981,0.43855,0.26208,0.66223,26.654,4.6012,1.2682,6.8674,7.3311,4.9754,647.21,4
0.94237,0.79849,0.30946,0.89358,45.446,6.1077,0.96665,8.2566,6.4648,5.0513,709.47,4
0.88818,0.70158,0.3045,0.8376,40.966,5.7615,0.82102,7.9515,-5.4502,5.246,695.17,4
0.89874,0.71424,0.31469,0.84513,41.147,5.6629,0.81953,8.0318,1.0493,5.0682,717.17,4
0.99369,0.90227,0.30357,0.94988,48.58,6.3956,1.2397,8.4484,-5.4878,5.1286,698.96,4
1.097,1.1208,0.30228,1.0587,54.152,6.8438,1.133,8.7452,-4.233,5.1163,691.56,4
0.74385,0.4978,0.24366,0.70555,42.109,5.8718,0.79698,8.0572,7.3681,4.9902,577.37,4
0.82304,0.61601,0.25721,0.78486,44.076,6.0899,0.64701,8.134,26.256,5.034,596.51,4
0.88483,0.71791,0.26568,0.84729,48.33,6.3919,1.6944,8.4358,5.9249,5.0432,639.06,4
0.82176,0.59787,0.28645,0.77322,40.127,5.6552,2.0151,7.9376,5.7482,5.1032,665.58,4
1.0707,1.0292,0.35377,1.0145,33.59,5.2007,2.7989,7.527,3.6902,4.9472,869.4,4
1.1003,1.1165,0.32051,1.0566,44.295,6.1194,2.6659,8.2013,-4.9635,4.9945,745.4,4
0.92942,0.76747,0.31985,0.87605,38.753,5.5425,1.4497,7.8628,6.8293,4.9695,746.88,4
1.0633,1.0381,0.31722,1.0189,45.159,6.1839,0.85867,8.2261,-5.2957,5.1219,703.12,4
0.82846,0.60796,0.28826,0.77972,40.174,5.6045,0.77998,7.9829,1.025,5.0555,683.54,4
0.9499,0.81379,0.30794,0.90211,43.578,5.9462,0.93006,8.1817,5.4595,5.0353,711.34,4
1.1111,1.1319,0.33373,1.0639,45.682,6.1743,1.1127,8.3006,20.604,4.9197,762.08,4
0.86949,0.67013,0.30177,0.81862,41.484,5.7174,1.5259,8.0545,1.7418,4.9258,683.58,4
0.87798,0.68589,0.30044,0.82819,38.594,5.5144,1.3199,7.8738,-1.6438,5.0153,673.9,4
0.7198,0.45288,0.2622,0.67296,37.122,5.3774,1.5556,7.7395,20.822,5.0158,650.65,4
0.85582,0.65927,0.27975,0.81195,42.533,5.8768,1.3823,8.097,-5.5005,4.9027,670,4
0.86584,0.6644,0.30071,0.81511,38.216,5.4737,0.97049,7.8502,20.595,4.9359,679.41,4
0.69883,0.42301,0.26196,0.6504,30.515,4.8219,1.1435,7.2768,6.2307,5.0396,603.61,4
0.8596,0.66432,0.28239,0.81506,43.111,5.9336,0.97011,8.1165,7.7156,5.0591,663.68,4
1.0322,0.96539,0.32782,0.98254,43.989,6.0147,1.4646,8.193,-5.436,5.0647,735.91,4
0.71211,0.43879,0.26779,0.66241,33.43,4.9854,1.6298,7.5847,1.8196,4.961,634.54,4
0.8441,0.62973,0.29607,0.79355,35.669,5.2779,0.71725,7.6927,-5.1029,4.9753,681.44,4
1.0564,1.0026,0.34808,1.0013,39.836,5.6366,0.92789,7.9825,-5.0813,4.7672,820.82,4
0.99923,0.88097,0.3526,0.9386,24.787,4.5103,1.0506,6.5374,8.1492,4.9518,811.69,4
0.92789,0.78002,0.29496,0.88319,44.712,6.0141,1.8139,8.2826,19.66,4.9517,681.17,4
0.92529,0.77053,0.30266,0.8778,40.924,5.7654,0.97014,8.009,-4.895,5.002,680.61,4
0.78418,0.54965,0.26374,0.74138,46.082,6.0975,1.355,8.3112,17.226,4.9799,638.93,4
1.1035,1.099,0.35654,1.0483,33.91,5.2177,1.0175,7.5866,7.0471,4.874,802.3,4
1.0568,1.0152,0.33081,1.0076,43.098,5.9347,0.75462,8.1441,-0.26566,4.8355,781.33,4
0.94411,0.79953,0.31306,0.89416,33.834,5.2422,1.241,7.4136,8.3542,4.9713,718.71,4
0.79511,0.55702,0.28197,0.74633,37.146,5.4545,1.0624,7.6987,7.5178,5.1651,638.86,4
0.94633,0.8116,0.30037,0.90089,48.049,6.3188,1.4844,8.4112,0.22529,5.0574,699.04,4
0.93126,0.7775,0.30947,0.88176,44.17,5.9377,0.72977,8.2396,2.0409,4.8197,713.7,4
0.69112,0.41702,0.25269,0.64577,30.984,4.9235,0.73661,7.2856,10.092,5.0342,598.13,4
0.82248,0.6122,0.26272,0.78243,42.057,5.9084,0.92051,8.0351,18.576,5.0272,626.2,4
1.0326,0.97503,0.31427,0.98744,47.986,6.3724,0.74018,8.3974,5.9812,5.1623,720.27,4
0.88723,0.70168,0.30157,0.83767,37.128,5.4358,1.1094,7.7689,5.6657,5.1003,705.93,4
0.84027,0.63691,0.27218,0.79807,46.832,6.1483,1.3762,8.3969,-5.9033,4.9247,686.3,4
0.68703,0.40647,0.26208,0.63755,28.051,4.6451,1.9193,6.8106,17.499,4.9863,624.54,4
0.67918,0.4015,0.25079,0.63364,32.962,5.0316,1.5514,7.4068,-1.9647,4.8817,599.82,4
0.7506,0.49387,0.27083,0.70276,39.661,5.5964,1.4244,7.8882,3.0139,4.992,621.8,4
0.65314,0.36774,0.24838,0.60642,33.267,4.9794,1.0128,7.5329,6.2252,4.9822,600.81,4
0.60375,0.3062,0.24636,0.55335,26.804,4.4154,1.3684,6.9505,-1.2635,5.0077,576.38,4
0.74435,0.49092,0.25873,0.70066,39.272,5.6147,0.90587,7.8345,-2.421,5.0068,611.65,4
1.0651,1.039,0.32184,1.0193,44.785,6.1953,1.6376,8.0343,-5.3372,5.1444,743.83,4
1.0506,1.0178,0.30644,1.0089,49.902,6.5466,1.8245,8.4963,-5.7986,5.1607,740.78,4
0.93971,0.79981,0.29907,0.89432,44.035,6.0442,1.4773,8.1746,18.873,5.1563,672.07,4
0.68262,0.39985,0.26309,0.63233,25.91,4.4202,1.1593,6.9336,2.0387,4.9357,627.74,4
0.78147,0.53929,0.27492,0.73436,34.452,5.2131,1.3415,7.59,6.5551,4.9734,636.86,4
0.81352,0.57133,0.30807,0.75586,30.972,4.8323,0.917,7.2811,13.01,4.8731,689.24,4
0.69353,0.42285,0.24782,0.65027,34.844,5.2358,1.5932,7.4852,8.2562,4.8777,590.38,4
0.97919,0.86738,0.3133,0.93133,42.38,5.9285,0.94245,8.0551,-4.9936,5.172,758.4,4
1.0921,1.0786,0.34974,1.0386,37.301,5.5844,1.0912,7.5896,23.609,5.0481,786.53,4
1.0058,0.91646,0.31996,0.95732,41.781,5.8266,1.3669,8.0822,-5.3595,4.9963,740.91,4
0.73439,0.46937,0.27129,0.68511,37.234,5.3646,0.79945,7.7455,-2.5777,5.0075,613.13,4
0.7032,0.43613,0.24848,0.6604,42.805,5.803,0.75177,8.0888,4.5725,5.0147,650.88,4
0.94458,0.81966,0.28095,0.90535,45.849,6.2675,1.1608,8.2263,-5.3408,5.0937,686.14,4
0.74713,0.48461,0.27812,0.69614,32.391,5.007,1.2848,7.3017,-2.2807,4.9445,655.69,4
0.76535,0.52851,0.24767,0.72699,48.628,6.3153,1.748,8.4668,-5.8793,5.0001,614.86,4
0.81355,0.5907,0.2752,0.76857,30.315,4.9777,1.2281,7.2482,3.2725,5.0272,651.43,4
0.88007,0.69176,0.29685,0.83172,30.51,4.9495,0.77764,7.1487,9.1167,4.9624,708.28,4
0.81155,0.57819,0.29138,0.76039,26.497,4.545,1.1971,6.9582,2.4058,4.8909,692.49,4
0.87746,0.68162,0.30595,0.8256,33.307,5.0761,0.71539,7.5593,18.506,5.0061,767.8,4
0.99366,0.87867,0.33985,0.93737,33.036,5.0887,1.1726,7.5271,2.683,4.9541,852.27,4
0.96629,0.84249,0.31265,0.91787,45.481,6.0956,1.5773,8.2809,-5.7495,5.0122,752.01,4
0.80466,0.57196,0.28274,0.75628,40.905,5.6367,0.87805,8.0493,-5.929,5.0069,668.38,4
0.87085,0.67465,0.29826,0.82137,36.625,5.4269,0.8392,7.6172,-2.5426,4.948,694.53,4
1.019,0.96291,0.28794,0.98128,53.508,6.7907,0.62819,8.7176,-5.4655,5.1577,720.71,4
1.1849,1.2799,0.36602,1.1313,31.861,5.1826,1.1067,7.3283,6.359,5.0923,830.96,4
0.79624,0.55422,0.28997,0.74446,39.136,5.5135,1.2236,7.8818,0.72276,5.0003,681.44,4
0.75339,0.51448,0.23898,0.71727,50.872,6.5302,0.94784,8.5467,-6.0598,5.0908,599.43,4
0.80704,0.57776,0.27935,0.76011,23.51,4.4933,0.83524,6.0214,4.1282,5.0995,656.66,4
0.93769,0.79449,0.30155,0.89134,44.884,6.0353,0.69301,8.2544,-2.2933,4.9346,779.97,4
0.87731,0.69817,0.27734,0.83557,44.631,6.0512,1.0796,8.2476,-5.3301,5.1065,670.37,4
1.0491,1.0031,0.3245,1.0015,42.226,5.9281,0.59366,8.0346,3.5031,4.9448,746.92,4
0.71271,0.43244,0.28082,0.6576,29.006,4.6123,0.77279,7.1531,3.652,4.8757,662.99,4
0.8322,0.61529,0.28643,0.7844,36.028,5.366,1.2085,7.6576,6.5179,5.0724,676.69,4
1.2664,1.4706,0.38022,1.2127,42.983,5.9309,1.0901,8.1983,-5.0402,5.0179,905.51,4
1.1201,1.1472,0.34089,1.0711,50.707,6.4684,0.80224,8.6169,-3.5366,4.9746,832.24,4
0.68939,0.41794,0.24609,0.64648,38.941,5.5998,1.2436,7.8032,21.758,5.1105,592.48,4
0.95576,0.83146,0.29743,0.91185,44.164,6.0698,0.97771,8.1735,-5.2726,5.0175,724.52,4
0.95176,0.81151,0.31722,0.90084,43.418,5.9136,0.71018,8.1682,-1.6613,4.9774,751.65,4
0.95083,0.82044,0.30001,0.90578,48.27,6.282,0.78111,8.4758,-6.0958,4.9452,687.6,4
0.81698,0.58537,0.29433,0.76509,38.586,5.4793,1.2104,7.8518,-5.6469,4.9057,707.64,4
0.86002,0.6435,0.31801,0.80218,34.392,5.0586,1.2362,7.6654,1.1131,4.9124,728.26,4
0.75566,0.49542,0.28185,0.70386,28.801,4.6882,0.80318,7.122,-1.2722,4.9443,620.37,4
0.88372,0.69764,0.29786,0.83525,39.898,5.722,1.1039,7.7297,1.9732,5.0123,696.76,4
0.72079,0.45167,0.26715,0.67206,21.343,4.1518,0.96926,6.306,3.0329,5.0422,642.27,4
0.97928,0.84987,0.34016,0.92188,27.998,4.7071,0.99707,6.8851,7.529,4.8372,819.77,4
0.85729,0.65834,0.28585,0.81138,37.077,5.4603,0.78652,7.7332,-4.971,5.0585,678.2,4
0.79147,0.55129,0.2818,0.74249,31.217,4.8815,1.2309,7.41,5.1536,4.9093,673.61,4
0.78755,0.5538,0.26596,0.74417,38.121,5.4687,1.3942,7.8967,-5.947,4.8847,620.82,4
0.73808,0.47662,0.26803,0.69038,28.404,4.6764,0.9859,7.1674,0.68446,4.9677,659.12,4
0.83786,0.62049,0.29382,0.78771,38.167,5.4747,1.4164,7.8273,-5.3346,5.0308,710.77,4
0.95769,0.85515,0.26202,0.92474,54.747,6.8892,1.8065,8.7785,-5.8307,5.0274,631.67,4
0.88142,0.70477,0.27855,0.8395,44.094,6.0369,1.0561,8.1949,-5.053,5.0093,637.97,4
0.74102,0.49017,0.25047,0.70012,42.308,5.8664,0.94896,8.061,-5.262,5.0679,629.31,4
0.83688,0.63144,0.2717,0.79463,46.818,6.2053,1.3798,8.3509,1.6638,5.0953,634.23,4
0.75193,0.49117,0.27935,0.70083,32.835,4.9845,1.118,7.4749,-1.8981,4.9984,674.8,4
0.76888,0.51959,0.27499,0.72082,37.475,5.4623,1.5729,7.7056,1.41,5.1045,681.44,4
0.79971,0.56859,0.27451,0.75405,42.827,5.8293,1.37,8.1451,5.0189,4.9797,646.88,4
0.66077,0.38512,0.23341,0.62058,37.44,5.4363,1.3222,7.6997,21.279,4.9776,603.11,4
0.83854,0.61864,0.29885,0.78654,27.012,4.627,0.67194,6.9286,3.4596,4.9349,703.75,4
0.90024,0.7297,0.29391,0.85423,42.235,5.9091,0.87649,7.9861,22.958,5.0509,706.91,4
0.70113,0.4265,0.26153,0.65307,32.437,4.9554,1.18,7.4967,0.47397,4.963,635.32,4
0.86383,0.65912,0.30363,0.81186,34.823,5.1981,0.86433,7.648,21.066,4.9052,764.94,4
0.77794,0.52409,0.29182,0.72394,23.982,4.3324,0.87951,6.5984,3.7466,4.9406,690.26,4
0.71372,0.4525,0.24576,0.67268,43.832,5.947,1.2027,8.1673,2.1982,5.1578,620.48,4
0.9401,0.77576,0.33772,0.88077,32.317,4.9505,1.1873,7.4801,6.0152,4.9281,848.92,4
0.66789,0.38567,0.25178,0.62103,28.616,4.6319,0.90733,7.1466,10.641,4.9548,608.66,4
0.75562,0.50257,0.26887,0.70892,39.701,5.5644,0.97429,7.9505,-1.4195,5.0605,615.5,4
0.90122,0.72005,0.31262,0.84856,31.724,5.0211,0.72625,7.344,5.5605,5.0072,733.69,4
0.78109,0.5369,0.27813,0.73273,41.61,5.6891,0.67692,8.0765,1.3164,4.949,645.81,4
0.48733,0.18822,0.22525,0.43384,12.996,2.9736,1.5236,5.4698,3.1732,4.926,511.92,4
0.80296,0.55781,0.30209,0.74686,27.089,4.629,0.86358,6.2237,3.0241,5.0095,701.8,4
0.88684,0.69205,0.3159,0.8319,23.179,4.3597,0.76945,6.1696,8.2428,4.9022,750.47,4
1.2213,1.3506,0.38903,1.1621,34.834,5.2982,0.83107,7.5329,21.426,4.8473,887.51,4
0.96397,0.84808,0.29619,0.92091,41.719,5.9306,1.1585,7.7932,25.519,5.073,682.72,4
0.86864,0.6756,0.29011,0.82195,42.602,5.8307,0.96528,8.1306,2.467,4.9683,707.86,4
0.644,0.36548,0.22822,0.60455,40.161,5.5851,0.92513,8.005,-5.5675,5.0391,562.71,4
0.79055,0.54524,0.28974,0.73841,31.202,4.8863,1.0411,7.3016,3.6798,4.8681,684.9,4
0.74177,0.487,0.25886,0.69785,38.63,5.4739,1.4838,7.9288,-4.6942,5.0157,613.91,4
0.57612,0.28425,0.22329,0.53316,23.08,4.1947,1.1824,6.5589,8.5626,4.7989,549.13,4
0.76568,0.50006,0.30013,0.70715,29.079,4.6495,1.2361,7.0343,4.0626,4.9741,695.3,4
1.0875,1.0809,0.33183,1.0397,39.958,5.7551,1.0189,7.9222,-3.9922,4.9031,768.06,4
0.69771,0.43062,0.24395,0.65622,35.678,5.2963,0.61103,7.6534,6.8698,4.913,577.87,4
0.80725,0.56784,0.29703,0.75355,29.889,4.7863,0.58878,7.2794,0.58407,5.0894,721.7,4
0.78096,0.53894,0.27412,0.73412,40.199,5.6421,0.89431,7.9624,5.7595,5.0758,697.08,4
